meetings.name,meetings.bfExchangeEventId,meetings.races.bfExchangeMarketId,meetings.races.name,meetings.races.number,meetings.races.comment,meetings.races.runners.bfExchangeSelectionId,meetings.races.runners.name,meetings.races.runners.number,meetings.races.runners.ratedPrice,meetings.races.runners.early_speed
Bendigo,35309831,1.254529705,R1 425m Mdn,1,,89018724,Blame Wally,1,6.0,0.5792739826099134
Bendigo,35309831,1.254529705,R1 425m Mdn,1,,93240288,Harrys Coffee,2,22.67,0.08456554485609369
Bendigo,35309831,1.254529705,R1 425m Mdn,1,,95580286,Dream Lucky,3,5.14,0.42208720938050454
Bendigo,35309831,1.254529705,R1 425m Mdn,1,,95580287,Well Known,4,11.14,0.4270565663366954
Bendigo,35309831,1.254529705,R1 425m Mdn,1,,95580289,Queen Flow,6,5.58,0.4754529928803106
Bendigo,35309831,1.254529705,R1 425m Mdn,1,,93575644,Lolly Cake,7,4.98,0.5378600715717524
Bendigo,35309831,1.254529705,R1 425m Mdn,1,,95580290,Jilliby Pixie,8,8.01,Unknown
Bendigo,35309831,1.254529750,R10 425m Gr5,10,,78213090,Slay Queen Molly,1,11.47,0.6964689838158256
Bendigo,35309831,1.254529750,R10 425m Gr5,10,,84629685,Special Teams,2,5.98,0.9067019843600838
Bendigo,35309831,1.254529750,R10 425m Gr5,10,,95580303,Whoppi Devere,3,18.32,0.3305162087941504
Bendigo,35309831,1.254529750,R10 425m Gr5,10,,93320894,Bonnie Blitz,4,7.54,0.7343109433087198
Bendigo,35309831,1.254529750,R10 425m Gr5,10,,88070669,Paw Estrella,5,3.26,0.8576883794339261
Bendigo,35309831,1.254529750,R10 425m Gr5,10,,65788105,Gas Lantern,7,9.15,0.7293111558025035
Bendigo,35309831,1.254529750,R10 425m Gr5,10,,83984954,Highland Sal,8,14.44,0.728603676294439
Bendigo,35309831,1.254529750,R10 425m Gr5,10,,95580304,Bauxite Blinder,9,13.74,0.7498015015804533
Bendigo,35309831,1.254529755,R11 425m Gr5,11,,74302020,City Limit,1,7.51,0.3774373731148154
Bendigo,35309831,1.254529755,R11 425m Gr5,11,,73371540,Stifler,2,6.36,0.691909598016021
Bendigo,35309831,1.254529755,R11 425m Gr5,11,,72680576,Nalas Ghost,3,8.47,0.4652110181670789
Bendigo,35309831,1.254529755,R11 425m Gr5,11,,90487879,Paw Nelly,4,11.07,0.5388827877603456
Bendigo,35309831,1.254529755,R11 425m Gr5,11,,69162367,Gremlin,5,8.25,0.679707401267606
Bendigo,35309831,1.254529755,R11 425m Gr5,11,,67661908,Buck Shines,6,9.0,0.6165644304683489
Bendigo,35309831,1.254529755,R11 425m Gr5,11,,95580305,Marco Marco,7,13.79,0.3612659820265811
Bendigo,35309831,1.254529755,R11 425m Gr5,11,,71083505,Wild Serena,8,5.1,0.5616840141389849
Bendigo,35309831,1.254529760,R12 425m Vets,12,,61288669,Cornhill Raven,1,20.85,0.578898560506131
Bendigo,35309831,1.254529760,R12 425m Vets,12,,74494414,Perfect Ace,2,7.81,0.525997373671818
Bendigo,35309831,1.254529760,R12 425m Vets,12,,65023572,Hollywood Franky,3,16.14,0.5676569643825187
Bendigo,35309831,1.254529760,R12 425m Vets,12,,66826700,Abundant Lumens,4,15.13,0.4810755489824907
Bendigo,35309831,1.254529760,R12 425m Vets,12,,66069858,Sit And Steer,5,14.64,0.45764845124191067
Bendigo,35309831,1.254529760,R12 425m Vets,12,,60569113,Shima Stripe,6,1.96,0.5596553908266948
Bendigo,35309831,1.254529760,R12 425m Vets,12,,56489728,Solitary Flicker,7,14.1,0.5425088846393347
Bendigo,35309831,1.254529760,R12 425m Vets,12,,59723816,Over Achiever,8,21.74,0.36503377620136557
Bendigo,35309831,1.254529710,R2 425m Gr7,2,,91693146,Scott Ephraim,1,5.48,0.4725613773357393
Bendigo,35309831,1.254529710,R2 425m Gr7,2,,95580291,Rosies Chatter,2,3.47,0.6134069517137651
Bendigo,35309831,1.254529710,R2 425m Gr7,2,,94814461,Paw Damon,3,4.67,0.3777878686913074
Bendigo,35309831,1.254529710,R2 425m Gr7,2,,95580292,Prickle,4,22.25,0.23786699551377422
Bendigo,35309831,1.254529710,R2 425m Gr7,2,,93871750,Show Boat Johnny,5,18.15,0.4025524030985017
Bendigo,35309831,1.254529710,R2 425m Gr7,2,,92538684,Miss Mocha,6,8.53,0.7591249440739759
Bendigo,35309831,1.254529710,R2 425m Gr7,2,,92418203,Paw Xyla,7,15.85,0.3618416182343903
Bendigo,35309831,1.254529710,R2 425m Gr7,2,,83380107,Eccentric Mona,8,28.26,0.608331935339103
Bendigo,35309831,1.254529715,R3 425m Final,3,,95580294,Paw Raynor,2,10.82,0.6158160460201358
Bendigo,35309831,1.254529715,R3 425m Final,3,,42150060,Sweet Millie,3,6.63,0.9429285758083596
Bendigo,35309831,1.254529715,R3 425m Final,3,,95580295,Ivory Panke,4,23.16,0.7207047621773353
Bendigo,35309831,1.254529715,R3 425m Final,3,,94951930,Kid Gulla,5,10.29,0.5813929325877802
Bendigo,35309831,1.254529715,R3 425m Final,3,,81184035,Ace Chaser,6,37.0,0.788351724996942
Bendigo,35309831,1.254529715,R3 425m Final,3,,95580296,Percy,7,2.32,0.9246780113415718
Bendigo,35309831,1.254529715,R3 425m Final,3,,84267086,Imitated,8,24.01,0.31699073627486335
Bendigo,35309831,1.254529715,R3 425m Final,3,,92459754,Procyon,10,8.55,0.8527912996346858
Bendigo,35309831,1.254529720,R4 660m Rest,4,,95063692,Miss Sinclair,1,5.48,0.5237151083315431
Bendigo,35309831,1.254529720,R4 660m Rest,4,,91808657,Slick Nitro,2,2.71,0.364605490334349
Bendigo,35309831,1.254529720,R4 660m Rest,4,,88968219,Secrets We Keep,4,6.88,0.28954886362122917
Bendigo,35309831,1.254529720,R4 660m Rest,4,,83313215,She Reacts,5,59.53,0.32391335518366665
Bendigo,35309831,1.254529720,R4 660m Rest,4,,89592904,Charente Jewel,7,4.09,0.5548318246551052
Bendigo,35309831,1.254529720,R4 660m Rest,4,,79891723,Cruzado,8,23.72,0.3920814681583306
Bendigo,35309831,1.254529725,R5 425m Gr4/5,5,,80330468,Paw Quark,1,3.03,0.721037867782539
Bendigo,35309831,1.254529725,R5 425m Gr4/5,5,,73794326,Paw Xena,2,3.43,0.715917600401438
Bendigo,35309831,1.254529725,R5 425m Gr4/5,5,,78076588,King Matteo,3,17.7,0.6516136566874334
Bendigo,35309831,1.254529725,R5 425m Gr4/5,5,,73794248,Spicy Assassin,4,30.95,0.5684560156899094
Bendigo,35309831,1.254529725,R5 425m Gr4/5,5,,70822364,Sassy Spice,5,54.9,0.8439929700283371
Bendigo,35309831,1.254529725,R5 425m Gr4/5,5,,70170898,If He Could,6,42.31,0.6606330209181179
Bendigo,35309831,1.254529725,R5 425m Gr4/5,5,,86188530,Air Speed,7,7.3,0.8559901532326502
Bendigo,35309831,1.254529725,R5 425m Gr4/5,5,,70042823,Stojanovic,8,9.03,0.7778765546709333
Bendigo,35309831,1.254529730,R6 500m Gr5,6,,78212679,Collinda Dougie,1,7.28,0.5707101190874666
Bendigo,35309831,1.254529730,R6 500m Gr5,6,,7949895,Burn Bright,2,3.59,0.7057366289799687
Bendigo,35309831,1.254529730,R6 500m Gr5,6,,81267194,Hard Compass,3,17.79,0.4840014091550992
Bendigo,35309831,1.254529730,R6 500m Gr5,6,,93022905,Super Batman,4,5.36,0.6448617064098889
Bendigo,35309831,1.254529730,R6 500m Gr5,6,,90458297,Honest Beers,5,8.94,0.5290311140000922
Bendigo,35309831,1.254529730,R6 500m Gr5,6,,85587640,Serrated Edge,6,14.65,0.6398409439188245
Bendigo,35309831,1.254529730,R6 500m Gr5,6,,76247840,Belfast Spot,7,35.91,0.2402137608000675
Bendigo,35309831,1.254529730,R6 500m Gr5,6,,90288918,Argyle Whiskey,8,7.48,0.8699172487933001
Bendigo,35309831,1.254529735,R7 425m Gr5,7,,90458283,Ivory Mihara,1,6.24,0.6789397144999632
Bendigo,35309831,1.254529735,R7 425m Gr5,7,,80400716,Angry Chief,2,3.74,0.7928916406854298
Bendigo,35309831,1.254529735,R7 425m Gr5,7,,87545009,Paw Brody,3,6.2,0.46264203800233755
Bendigo,35309831,1.254529735,R7 425m Gr5,7,,3252875,Tickets,4,7.83,0.5971482389553693
Bendigo,35309831,1.254529735,R7 425m Gr5,7,,87166789,Energiser Dash,5,25.79,0.6959297095553749
Bendigo,35309831,1.254529735,R7 425m Gr5,7,,91063172,Rolling Express,6,12.97,0.7565185822180998
Bendigo,35309831,1.254529735,R7 425m Gr5,7,,60416103,Banjo One String,7,8.37,0.6145466938600888
Bendigo,35309831,1.254529735,R7 425m Gr5,7,,65757027,Shiv Roy,8,20.78,0.591506970715252
Bendigo,35309831,1.254529740,R8 500m Gr4/5,8,,79331254,Chattanooga,1,6.7,0.7475805150878742
Bendigo,35309831,1.254529740,R8 500m Gr4/5,8,,73919570,Magic Snowdrop,2,15.18,0.3908605866527253
Bendigo,35309831,1.254529740,R8 500m Gr4/5,8,,81185441,Dave,3,16.63,0.3448093226360963
Bendigo,35309831,1.254529740,R8 500m Gr4/5,8,,76008572,Compton Gold,4,3.32,0.6403191572349085
Bendigo,35309831,1.254529740,R8 500m Gr4/5,8,,77465360,Magic Scotch,5,51.85,0.2562069684289439
Bendigo,35309831,1.254529740,R8 500m Gr4/5,8,,77303438,Nancy Devere,6,4.82,0.6016962614258166
Bendigo,35309831,1.254529740,R8 500m Gr4/5,8,,89624124,Son Of Witchy,7,13.84,0.5027286880687408
Bendigo,35309831,1.254529740,R8 500m Gr4/5,8,,89265922,Ivory Hamada,8,8.07,0.5324201108112955
Bendigo,35309831,1.254529745,R9 425m Gr6,9,,94099421,Laminate,1,5.2,0.5495109541925844
Bendigo,35309831,1.254529745,R9 425m Gr6,9,,85320900,Urana Orbit,2,5.04,0.46216942840436914
Bendigo,35309831,1.254529745,R9 425m Gr6,9,,77688266,Turbo Terror,5,52.71,0.3343974312235117
Bendigo,35309831,1.254529745,R9 425m Gr6,9,,93827744,Mr Devere,6,3.62,0.5234381584965079
Bendigo,35309831,1.254529745,R9 425m Gr6,9,,92207857,High Five Indi,7,5.93,0.5836974538980041
Bendigo,35309831,1.254529745,R9 425m Gr6,9,,73177311,Test Drive,8,6.86,0.46997301680657844
Geelong,35309830,1.254529645,R1 460m Mdn,1,,95579524,Inspection,1,6.47,Unknown
Geelong,35309830,1.254529645,R1 460m Mdn,1,,95579525,Bush Party,2,26.88,0.32940770742655456
Geelong,35309830,1.254529645,R1 460m Mdn,1,,39542684,Romeo Indy,3,7.97,0.33094742830620916
Geelong,35309830,1.254529645,R1 460m Mdn,1,,95579526,Equinox,4,8.09,Unknown
Geelong,35309830,1.254529645,R1 460m Mdn,1,,95303389,Tracking You,5,17.89,0.07555081969772379
Geelong,35309830,1.254529645,R1 460m Mdn,1,,95579527,Somebody Told Me,6,6.24,0.35854233184851614
Geelong,35309830,1.254529645,R1 460m Mdn,1,,95579528,Paw Yatana,7,7.93,Unknown
Geelong,35309830,1.254529645,R1 460m Mdn,1,,93757580,Paw Queston,8,4.61,0.4128334895964144
Geelong,35309830,1.254529690,R10 400m Heat,10,,89032858,Aston Moreno,1,7.11,0.8496236881220431
Geelong,35309830,1.254529690,R10 400m Heat,10,,76432909,More Beer Please,2,13.26,0.5928522984849907
Geelong,35309830,1.254529690,R10 400m Heat,10,,85283600,Thunder Rose,3,9.61,0.5483048042263705
Geelong,35309830,1.254529690,R10 400m Heat,10,,88375998,Haileys Jet,4,14.54,0.846555687764791
Geelong,35309830,1.254529690,R10 400m Heat,10,,72134706,Fluent Action,5,8.87,0.8315919202567137
Geelong,35309830,1.254529690,R10 400m Heat,10,,87988634,Ishikawa Lass,6,13.77,0.5593094742153168
Geelong,35309830,1.254529690,R10 400m Heat,10,,83986072,Aston Fumiko,7,15.84,0.8832462653170741
Geelong,35309830,1.254529690,R10 400m Heat,10,,87860774,Lissys A Demon,8,2.76,0.7924603385763994
Geelong,35309830,1.254529695,R11 400m Heat,11,,81642134,Busting,1,15.61,0.5145374268872449
Geelong,35309830,1.254529695,R11 400m Heat,11,,91748870,Hokkaido Express,2,3.14,0.5794436845365424
Geelong,35309830,1.254529695,R11 400m Heat,11,,83711511,Aston Pastizzi,3,9.27,0.8040455165909319
Geelong,35309830,1.254529695,R11 400m Heat,11,,92117516,Rupee Star,4,5.51,0.9042339581701059
Geelong,35309830,1.254529695,R11 400m Heat,11,,94736776,Paw Renalla,5,20.19,0.8624717407681992
Geelong,35309830,1.254529695,R11 400m Heat,11,,89670621,Ticket Confetti,6,11.77,0.4884797762806471
Geelong,35309830,1.254529695,R11 400m Heat,11,,81156618,Miss Jo,7,16.51,0.8207872588469617
Geelong,35309830,1.254529695,R11 400m Heat,11,,89708327,Hammer Rose,8,7.52,0.38688714643286826
Geelong,35309830,1.254529700,R12 400m Gr4/5,12,,89019769,Prince Laroi,1,7.67,0.6065051256758776
Geelong,35309830,1.254529700,R12 400m Gr4/5,12,,78289779,Paw Vancouver,2,23.28,0.43541798006230564
Geelong,35309830,1.254529700,R12 400m Gr4/5,12,,88968782,Lara Moon,3,12.4,0.7064878239434609
Geelong,35309830,1.254529700,R12 400m Gr4/5,12,,77647280,Paw Eden,4,13.04,0.4774066904583877
Geelong,35309830,1.254529700,R12 400m Gr4/5,12,,71342926,Frog March,5,5.17,0.6766050424230716
Geelong,35309830,1.254529700,R12 400m Gr4/5,12,,64833432,Aston Monarchy,6,9.68,0.7982100251328639
Geelong,35309830,1.254529700,R12 400m Gr4/5,12,,79259316,Paw Quebec,7,4.55,0.593452525973822
Geelong,35309830,1.254529700,R12 400m Gr4/5,12,,89102200,Paw Harkonnen,8,6.55,0.6504205101172131
Geelong,35309830,1.254529650,R2 400m Mdn,2,,95579530,Why Mummy,1,8.98,0.3413361091246079
Geelong,35309830,1.254529650,R2 400m Mdn,2,,95579531,Aston Blitz,2,6.13,0.724921334353152
Geelong,35309830,1.254529650,R2 400m Mdn,2,,91693095,Trissa Bale,3,6.93,0.5258480370745883
Geelong,35309830,1.254529650,R2 400m Mdn,2,,95579532,Paw Ballista,4,8.97,Unknown
Geelong,35309830,1.254529650,R2 400m Mdn,2,,95228492,Juneau Sangria,5,8.93,0.2123893860444312
Geelong,35309830,1.254529650,R2 400m Mdn,2,,95579533,Aston Barrister,6,6.06,0.560761728360966
Geelong,35309830,1.254529650,R2 400m Mdn,2,,95579534,Estrada,7,19.87,0.23800381524335212
Geelong,35309830,1.254529650,R2 400m Mdn,2,,95579535,Live Forever,8,7.03,Unknown
Geelong,35309830,1.254529655,R3 400m Mdn,3,,95579536,Paw Danger,1,2.12,0.6528993415056763
Geelong,35309830,1.254529655,R3 400m Mdn,3,,94352883,Fabulous Furiosa,2,21.28,0.1538914824024979
Geelong,35309830,1.254529655,R3 400m Mdn,3,,95579537,General Fred,3,9.66,Unknown
Geelong,35309830,1.254529655,R3 400m Mdn,3,,95579538,Aston Lace,4,8.74,0.4780792483638999
Geelong,35309830,1.254529655,R3 400m Mdn,3,,95579539,Aston Astaire,6,10.49,Unknown
Geelong,35309830,1.254529655,R3 400m Mdn,3,,95579540,Paw Vanna,7,11.02,0.5427026638895295
Geelong,35309830,1.254529655,R3 400m Mdn,3,,95579541,Tinker Spot,8,12.85,0.21968420092243224
Geelong,35309830,1.254529660,R4 400m Gr6/7,4,,95579542,Paw Reya,1,6.72,0.5568197949601115
Geelong,35309830,1.254529660,R4 400m Gr6/7,4,,95263984,Amron Lucy,2,4.11,0.5474478720875908
Geelong,35309830,1.254529660,R4 400m Gr6/7,4,,95579543,Thrill Seeker,3,51.78,0.38213535386916764
Geelong,35309830,1.254529660,R4 400m Gr6/7,4,,76612942,Tinker Drew,4,13.79,0.652853874474586
Geelong,35309830,1.254529660,R4 400m Gr6/7,4,,93613773,Paw Prydi,5,6.58,0.5777940428224088
Geelong,35309830,1.254529660,R4 400m Gr6/7,4,,95579544,Cackling Suzie,6,5.49,0.40770154916307033
Geelong,35309830,1.254529660,R4 400m Gr6/7,4,,92785299,Paw Missy,7,7.63,0.6421019187293064
Geelong,35309830,1.254529660,R4 400m Gr6/7,4,,94353438,Norton Bale,8,19.62,0.5036999380041267
Geelong,35309830,1.254529665,R5 460m Gr6/7,5,,67504346,Assume Floppy,1,66.13,0.30774597495273004
Geelong,35309830,1.254529665,R5 460m Gr6/7,5,,95579545,Deep Thinker,2,4.79,0.7295735487251389
Geelong,35309830,1.254529665,R5 460m Gr6/7,5,,94353423,Aston Ostuni,3,19.36,0.6752348827012907
Geelong,35309830,1.254529665,R5 460m Gr6/7,5,,91808145,Grapefruit Racer,4,10.78,0.6591322099792216
Geelong,35309830,1.254529665,R5 460m Gr6/7,5,,95579546,Snow Road,5,3.79,0.8570637700450188
Geelong,35309830,1.254529665,R5 460m Gr6/7,5,,90798776,Paw Oltron,6,17.71,0.5918577869448114
Geelong,35309830,1.254529665,R5 460m Gr6/7,5,,95579547,Aston Ace,7,7.56,0.9360675166565903
Geelong,35309830,1.254529665,R5 460m Gr6/7,5,,93827066,Reiko Boom,8,5.58,0.47747594028652074
Geelong,35309830,1.254529670,R6 460m Gr5,6,,73645015,Paw Mantra,1,3.43,0.7179766780310105
Geelong,35309830,1.254529670,R6 460m Gr5,6,,89032885,Kiwi Henry,2,4.18,0.5958935924664321
Geelong,35309830,1.254529670,R6 460m Gr5,6,,74745234,Quest For Angel,3,20.46,0.7213121288548143
Geelong,35309830,1.254529670,R6 460m Gr5,6,,93054444,Lets Cause Kaos,4,19.64,0.46842792213556556
Geelong,35309830,1.254529670,R6 460m Gr5,6,,85251150,Canya Terry,6,14.6,0.45696787468117017
Geelong,35309830,1.254529670,R6 460m Gr5,6,,88028871,Paw Xaria,7,4.29,0.679934275087567
Geelong,35309830,1.254529670,R6 460m Gr5,6,,75915302,Aston Reeves,8,14.72,0.3617637743220955
Geelong,35309830,1.254529675,R7 400m FFA,7,,70666322,Hot Saki,1,11.76,0.8105496657989765
Geelong,35309830,1.254529675,R7 400m FFA,7,,86586763,Paw Jelani,2,19.15,0.5420119691672296
Geelong,35309830,1.254529675,R7 400m FFA,7,,93827752,Paw Clarissa,3,3.67,0.8803313287535837
Geelong,35309830,1.254529675,R7 400m FFA,7,,82818586,Paw Uma,4,17.98,0.6254338391619892
Geelong,35309830,1.254529675,R7 400m FFA,7,,72201495,Come And See,5,9.03,0.8994561834245995
Geelong,35309830,1.254529675,R7 400m FFA,7,,87416961,Slick Ivan,6,7.66,0.9328880572388487
Geelong,35309830,1.254529675,R7 400m FFA,7,,71404642,Paw Kramer,7,4.93,0.832781713674564
Geelong,35309830,1.254529675,R7 400m FFA,7,,88069765,Blackpool Finn,8,11.01,0.7024189246794724
Geelong,35309830,1.254529680,R8 460m Gr4/5,8,,75676782,Bandit Barbie,1,20.74,0.5004477561493328
Geelong,35309830,1.254529680,R8 460m Gr4/5,8,,71083447,Idyllic James,2,5.19,0.54800592626158
Geelong,35309830,1.254529680,R8 460m Gr4/5,8,,88377060,Flash Of Genius,3,3.21,0.530409464369951
Geelong,35309830,1.254529680,R8 460m Gr4/5,8,,88069762,Aston Hercules,4,5.39,0.49810195583811745
Geelong,35309830,1.254529680,R8 460m Gr4/5,8,,75019264,Paw Gordy,6,6.91,0.5998502902578312
Geelong,35309830,1.254529680,R8 460m Gr4/5,8,,69352677,Jebrynah Nitro,7,21.74,0.7486889898158537
Geelong,35309830,1.254529680,R8 460m Gr4/5,8,,88781154,Paw Cornelius,8,14.02,0.5357959953998335
Geelong,35309830,1.254529685,R9 400m Gr6/7,9,,95579548,Maudie Rose,1,8.83,0.5722101388780054
Geelong,35309830,1.254529685,R9 400m Gr6/7,9,,94814481,Shallow Sally,2,5.79,0.8474983164895316
Geelong,35309830,1.254529685,R9 400m Gr6/7,9,,93872190,Big Boy Pants,3,9.93,0.6885516946706972
Geelong,35309830,1.254529685,R9 400m Gr6/7,9,,95579549,Aston Laser,4,8.97,0.9066468018317224
Geelong,35309830,1.254529685,R9 400m Gr6/7,9,,86895065,Archie Rolls,5,7.19,0.4993161599971224
Geelong,35309830,1.254529685,R9 400m Gr6/7,9,,95579551,Slick Time,7,4.76,0.8645688015769011
Geelong,35309830,1.254529685,R9 400m Gr6/7,9,,95579552,Paw Otis,8,6.55,0.7184757430662234
Goulburn,35309327,1.254523445,R10 350m Rest,10,,91062177,Magic I Am,1,3.29,Unknown
Goulburn,35309327,1.254523445,R10 350m Rest,10,,86587209,Jacobite Wren,2,46.51,0.24094938720437956
Goulburn,35309327,1.254523445,R10 350m Rest,10,,67504342,Hibiki Blue,3,5.26,0.5259273967801883
Goulburn,35309327,1.254523445,R10 350m Rest,10,,74775971,Fast Jenny,4,19.89,0.4756416119302621
Goulburn,35309327,1.254523445,R10 350m Rest,10,,94227310,Barber Mike,5,8.35,0.4894570555311091
Goulburn,35309327,1.254523445,R10 350m Rest,10,,77964453,Just Flick Em,6,22.19,0.3878904043630321
Goulburn,35309327,1.254523445,R10 350m Rest,10,,90286811,Jacobite Knife,7,5.04,0.6731633824649483
Goulburn,35309327,1.254523445,R10 350m Rest,10,,72201335,Summer Faith,8,14.09,0.5546739051302179
Goulburn,35309327,1.254523430,R5 350m Gr5,5,,60305269,Charing Cross,1,6.12,0.5014726319212579
Goulburn,35309327,1.254523430,R5 350m Gr5,5,,68450887,Shes A Darling,2,4.32,0.4681813915383562
Goulburn,35309327,1.254523430,R5 350m Gr5,5,,70138911,Als Lass,3,8.68,0.5459065704311613
Goulburn,35309327,1.254523430,R5 350m Gr5,5,,83711015,Twisted Huxley,4,6.14,0.31774568426576316
Goulburn,35309327,1.254523430,R5 350m Gr5,5,,89624071,Zipping Ashwin,5,20.15,0.2754666780474845
Goulburn,35309327,1.254523430,R5 350m Gr5,5,,93536652,Active Dreams,6,8.8,0.6673441888799643
Goulburn,35309327,1.254523430,R5 350m Gr5,5,,79844817,Dream Linkin,7,19.63,0.5925865120055773
Goulburn,35309327,1.254523430,R5 350m Gr5,5,,62948356,Active Magic,8,8.87,0.6400201243731434
Goulburn,35309327,1.254523433,R6 350m Gr5,6,,92419331,Pizza Thief,1,4.15,0.19118322190668513
Goulburn,35309327,1.254523433,R6 350m Gr5,6,,71904879,Dig Deep Rupee,2,9.36,0.7760515489638586
Goulburn,35309327,1.254523433,R6 350m Gr5,6,,86820985,Lone Dazzler,3,11.87,0.5914608518542557
Goulburn,35309327,1.254523433,R6 350m Gr5,6,,84374837,Lone Rustler,4,18.29,0.40200208316871067
Goulburn,35309327,1.254523433,R6 350m Gr5,6,,83080948,Fancy Lena,5,12.64,0.608000068507276
Goulburn,35309327,1.254523433,R6 350m Gr5,6,,94227293,Nebular Stratus,6,8.17,0.28240937717387105
Goulburn,35309327,1.254523433,R6 350m Gr5,6,,86306703,Market Maverick,7,4.41,0.5093500943198079
Goulburn,35309327,1.254523433,R6 350m Gr5,6,,59848284,King Calymea,8,11.75,0.5766422911191909
Goulburn,35309327,1.254523436,R7 350m Gr5,7,,95541447,Jacobite Wizard,1,2.86,0.28605465462958957
Goulburn,35309327,1.254523436,R7 350m Gr5,7,,89060306,Zipping Callahan,2,18.19,0.26507746562444745
Goulburn,35309327,1.254523436,R7 350m Gr5,7,,95541448,Jacobite Battle,3,4.31,0.37062062802078877
Goulburn,35309327,1.254523436,R7 350m Gr5,7,,84733572,Par Three,4,13.86,0.5688662591111193
Goulburn,35309327,1.254523436,R7 350m Gr5,7,,62005425,Blackpool Buddy,5,7.86,0.34133811486696586
Goulburn,35309327,1.254523436,R7 350m Gr5,7,,86389238,Lone Sizzler,6,21.43,0.3124589964962126
Goulburn,35309327,1.254523436,R7 350m Gr5,7,,92418434,Money Goes,7,15.38,0.4154178465239766
Goulburn,35309327,1.254523436,R7 350m Gr5,7,,70003482,Torrential,8,18.97,0.4981625103947603
Goulburn,35309327,1.254523439,R8 440m Gr4/5,8,,77340684,Always Over,1,14.56,0.39065006789822065
Goulburn,35309327,1.254523439,R8 440m Gr4/5,8,,82311151,Carrots,2,10.07,0.5153050486524475
Goulburn,35309327,1.254523439,R8 440m Gr4/5,8,,86855868,Giggle Hat,3,8.13,0.5563139107833972
Goulburn,35309327,1.254523439,R8 440m Gr4/5,8,,81185204,Queen Era,4,3.16,0.6887617311850639
Goulburn,35309327,1.254523439,R8 440m Gr4/5,8,,68601042,Zipping Wheeler,5,27.08,0.44277619571494553
Goulburn,35309327,1.254523439,R8 440m Gr4/5,8,,65090318,Trunkey Mink,6,34.45,0.5989483453628537
Goulburn,35309327,1.254523439,R8 440m Gr4/5,8,,95541449,Clock Winder,7,5.18,0.6088948267262457
Goulburn,35309327,1.254523439,R8 440m Gr4/5,8,,79769226,Big Ted,8,7.49,0.3495430058926146
Goulburn,35309327,1.254523442,R9 440m Rest,9,,95541450,Active Power,1,16.54,0.6932566616654241
Goulburn,35309327,1.254523442,R9 440m Rest,9,,95541451,Bandit Lynne,2,3.45,0.8400661854986898
Goulburn,35309327,1.254523442,R9 440m Rest,9,,92703780,Lillyvale Lad,3,26.27,0.28891577254039763
Goulburn,35309327,1.254523442,R9 440m Rest,9,,95541452,Cawbourne Don,4,13.92,0.4733351710089322
Goulburn,35309327,1.254523442,R9 440m Rest,9,,95541453,Condo Bandit,5,5.07,0.4955592893785602
Goulburn,35309327,1.254523442,R9 440m Rest,9,,95541454,Cawbourne Zara,6,9.6,0.6948435617546705
Goulburn,35309327,1.254523442,R9 440m Rest,9,,95301245,Kert Kert,7,32.17,0.5469496661487117
Goulburn,35309327,1.254523442,R9 440m Rest,9,,91807370,Prince Legacy,8,4.82,0.4977847162799894
Healesville,35309705,1.254527619,R12 300m Gr5,12,,61896414,Perfect Revenge,1,7.54,0.648214647612918
Healesville,35309705,1.254527619,R12 300m Gr5,12,,68281919,Major Basil,2,46.61,0.380186803124401
Healesville,35309705,1.254527619,R12 300m Gr5,12,,68601545,Alice From Venus,3,58.44,0.4780227673325739
Healesville,35309705,1.254527619,R12 300m Gr5,12,,64084675,Bun Undercurrent,4,3.95,0.5414245313918918
Healesville,35309705,1.254527619,R12 300m Gr5,12,,4383694,Black Friday,5,8.07,0.6211339215485396
Healesville,35309705,1.254527619,R12 300m Gr5,12,,55713967,Firebird Flyer,6,5.48,0.421131795907727
Healesville,35309705,1.254527619,R12 300m Gr5,12,,66580670,One Knee Noni,7,4.76,0.18656179231636197
Healesville,35309705,1.254527619,R12 300m Gr5,12,,71905122,Paint The Fence,8,16.96,0.3868672347045333
Mandurah,35310314,1.254532148,R1 300m Gr6,1,,89720674,Jonah Takalua,1,3.35,0.39965019278861
Mandurah,35310314,1.254532148,R1 300m Gr6,1,,46765252,Warne Magic,2,33.73,0.1792646099812298
Mandurah,35310314,1.254532148,R1 300m Gr6,1,,75438096,Vivid Love,3,5.39,0.6450751115223206
Mandurah,35310314,1.254532148,R1 300m Gr6,1,,86101516,Tricep King,4,15.49,0.3587479524218047
Mandurah,35310314,1.254532148,R1 300m Gr6,1,,84266912,Aussie Bluff,5,6.21,0.3590467633081922
Mandurah,35310314,1.254532148,R1 300m Gr6,1,,85745577,Just A Madam,6,6.81,0.5396291246895828
Mandurah,35310314,1.254532148,R1 300m Gr6,1,,4445434,So What,7,8.88,0.5763089425522943
Mandurah,35310314,1.254532148,R1 300m Gr6,1,,51270362,Bold Vision,8,709.56,0.36433715181834037
Mandurah,35310314,1.254532193,R10 488m Gr5,10,,82311889,Brookman Ranger,1,13.99,0.5880035859419805
Mandurah,35310314,1.254532193,R10 488m Gr5,10,,86893528,Spotless Wayne,2,5.55,0.3416873928996469
Mandurah,35310314,1.254532193,R10 488m Gr5,10,,75047661,Canya Celeste,3,5.28,0.6040626098662398
Mandurah,35310314,1.254532193,R10 488m Gr5,10,,61187720,Wild Milly,4,4.4,0.5128990580348896
Mandurah,35310314,1.254532193,R10 488m Gr5,10,,71618447,Page One News,6,6.58,0.6321020860416082
Mandurah,35310314,1.254532193,R10 488m Gr5,10,,3374014,Warrego Storm,7,7.84,0.7449768428123027
Mandurah,35310314,1.254532193,R10 488m Gr5,10,,84267040,Licorice Monelli,8,19.25,0.4550155779630404
Mandurah,35310314,1.254532198,R11 400m FFA,11,,91496402,Sheeran Melody,1,6.91,0.5401328967713752
Mandurah,35310314,1.254532198,R11 400m FFA,11,,73260507,Action Shot,2,2.74,0.749047104127086
Mandurah,35310314,1.254532198,R11 400m FFA,11,,73154706,Nalah Patanga,4,14.38,0.5744346388410475
Mandurah,35310314,1.254532198,R11 400m FFA,11,,72354616,Aussie Gem,6,4.11,0.778448904194172
Mandurah,35310314,1.254532198,R11 400m FFA,11,,95541865,Elite Deluxe,8,5.63,0.7711467907817429
Mandurah,35310314,1.254532203,R12 300m Gr5,12,,56452227,Nitros Ruby,1,7.29,0.5445036140655307
Mandurah,35310314,1.254532203,R12 300m Gr5,12,,87417298,Speedy Ed,2,6.22,0.6045838321589139
Mandurah,35310314,1.254532203,R12 300m Gr5,12,,74573826,Ponticelli,3,18.43,0.3411258110200688
Mandurah,35310314,1.254532203,R12 300m Gr5,12,,4488275,Too Busy,4,4.3,0.5193659595990855
Mandurah,35310314,1.254532203,R12 300m Gr5,12,,83447364,Reggae Melody,6,7.08,0.5575220479244284
Mandurah,35310314,1.254532203,R12 300m Gr5,12,,89966837,Quest For Steps,7,6.19,0.7582853345917817
Mandurah,35310314,1.254532203,R12 300m Gr5,12,,72916429,Better Half,8,8.89,0.47328150781504397
Mandurah,35310314,1.254532153,R2 300m Gr6,2,,89625284,Lady Freya,1,2.4,0.7228839055199684
Mandurah,35310314,1.254532153,R2 300m Gr6,2,,76755555,Roamin Around,2,10.41,0.3835239882278261
Mandurah,35310314,1.254532153,R2 300m Gr6,2,,60452180,Midnight Crave,3,269.42,0.10665472014615471
Mandurah,35310314,1.254532153,R2 300m Gr6,2,,83984690,Shadow Mac,4,4.58,0.6040033523042594
Mandurah,35310314,1.254532153,R2 300m Gr6,2,,80107255,Arctic Crop,5,14.08,0.3569100323694736
Mandurah,35310314,1.254532153,R2 300m Gr6,2,,81749146,Freespool,6,10.46,0.2705414392383253
Mandurah,35310314,1.254532153,R2 300m Gr6,2,,68235105,Negroni,7,29.25,0.2306752745465293
Mandurah,35310314,1.254532153,R2 300m Gr6,2,,50686278,Spin King,8,15.4,0.34991775778571566
Mandurah,35310314,1.254532158,R3 488m Mdn,3,,95541845,Just A Sapphire,1,3.72,0.413527002907791
Mandurah,35310314,1.254532158,R3 488m Mdn,3,,95264344,Wisdom Goddess,2,7.59,0.41417553206002283
Mandurah,35310314,1.254532158,R3 488m Mdn,3,,95541846,West Melody,3,10.72,0.6158770332942514
Mandurah,35310314,1.254532158,R3 488m Mdn,3,,91063542,Rippin Ruby,4,12.52,0.45616973735916566
Mandurah,35310314,1.254532158,R3 488m Mdn,3,,95541847,Sunset Goddess,5,8.96,0.7061055651341592
Mandurah,35310314,1.254532158,R3 488m Mdn,3,,95541848,Sunset Caligula,6,5.61,0.6391372971234583
Mandurah,35310314,1.254532158,R3 488m Mdn,3,,95541849,American Bourbon,7,32.76,0.2890894512493448
Mandurah,35310314,1.254532158,R3 488m Mdn,3,,95541850,Sunset Augustus,8,9.47,0.6858874311518638
Mandurah,35310314,1.254532163,R4 488m Final,4,,95541853,Intimidation,1,7.84,0.5411691854844591
Mandurah,35310314,1.254532163,R4 488m Final,4,,91532359,Just A Foreman,2,6.4,0.45043977262741247
Mandurah,35310314,1.254532163,R4 488m Final,4,,94487453,Hurry Up Eric,3,4.06,0.7367011473185973
Mandurah,35310314,1.254532163,R4 488m Final,4,,95541854,Sunset Clarice,4,11.42,0.5987595496431501
Mandurah,35310314,1.254532163,R4 488m Final,4,,95541855,Yunderup Pockets,5,28.79,0.5694332259205326
Mandurah,35310314,1.254532163,R4 488m Final,4,,94227725,Just A Piastri,6,5.24,0.7829561250896825
Mandurah,35310314,1.254532163,R4 488m Final,4,,4387907,Twin Fin,7,10.15,0.5005382340958363
Mandurah,35310314,1.254532163,R4 488m Final,4,,95541856,Apple A Day,8,17.22,0.6087951705242161
Mandurah,35310314,1.254532168,R5 488m Nvce,5,,93919214,Perpetuus,1,5.4,0.6042536418864768
Mandurah,35310314,1.254532168,R5 488m Nvce,5,,90887663,Aureate,2,4.32,0.7354647969109598
Mandurah,35310314,1.254532168,R5 488m Nvce,5,,91172298,Four Peat Magic,3,26.15,0.23801404191404982
Mandurah,35310314,1.254532168,R5 488m Nvce,5,,95541859,Billy Me Goat,4,13.54,0.6020241061689653
Mandurah,35310314,1.254532168,R5 488m Nvce,5,,84148576,Speedy Pongo,5,11.39,0.4794786458279928
Mandurah,35310314,1.254532168,R5 488m Nvce,5,,95541860,Canya Katsu,6,19.04,0.4990733882751946
Mandurah,35310314,1.254532168,R5 488m Nvce,5,,92243107,Please Me,7,4.84,0.40275550398397875
Mandurah,35310314,1.254532168,R5 488m Nvce,5,,87125061,Just A Princess,8,8.04,0.3944315222404694
Mandurah,35310314,1.254532173,R6 400m Gr4/5,6,,95541861,Stu McFly,1,6.04,Unknown
Mandurah,35310314,1.254532173,R6 400m Gr4/5,6,,89625241,Entertaining,2,3.42,0.6642219912885808
Mandurah,35310314,1.254532173,R6 400m Gr4/5,6,,71342883,Farmer Russell,3,4.8,0.5459918850107135
Mandurah,35310314,1.254532173,R6 400m Gr4/5,6,,84944418,Butlers Cabin,5,19.01,0.5992696201423432
Mandurah,35310314,1.254532173,R6 400m Gr4/5,6,,76614160,Paterson Road,6,40.18,0.43068014991052117
Mandurah,35310314,1.254532173,R6 400m Gr4/5,6,,79892867,Boiler Maker,7,4.63,0.711152011057867
Mandurah,35310314,1.254532173,R6 400m Gr4/5,6,,80301664,Come Find Me,8,24.92,0.4000554433617102
Mandurah,35310314,1.254532178,R7 488m FFA,7,,77729856,Sunset Oyster,1,5.33,0.6547776149276386
Mandurah,35310314,1.254532178,R7 488m FFA,7,,64368137,Wise Barra,2,6.02,0.5309814802762269
Mandurah,35310314,1.254532178,R7 488m FFA,7,,75060815,Ditalini Monelli,3,11.96,0.4241169134260695
Mandurah,35310314,1.254532178,R7 488m FFA,7,,71724189,Premium Star,4,8.36,0.5557034259540431
Mandurah,35310314,1.254532178,R7 488m FFA,7,,83193045,Rambos Shout,5,11.67,0.5923190911138195
Mandurah,35310314,1.254532178,R7 488m FFA,7,,84983538,Aston Ruler,6,5.5,0.5424793555688769
Mandurah,35310314,1.254532178,R7 488m FFA,7,,60735524,Our Benson,7,14.2,0.4427469167553852
Mandurah,35310314,1.254532178,R7 488m FFA,7,,94646862,MacAroni Monelli,8,9.53,Unknown
Mandurah,35310314,1.254532183,R8 400m Gr5,8,,92505518,Sunset Estrella,1,3.29,0.7951540642874861
Mandurah,35310314,1.254532183,R8 400m Gr5,8,,83081546,Sunset Berserk,2,17.61,0.46522638607786193
Mandurah,35310314,1.254532183,R8 400m Gr5,8,,91063586,Just A Melody,3,26.02,0.41027026269772277
Mandurah,35310314,1.254532183,R8 400m Gr5,8,,79023948,Noble George,4,21.47,0.4756829334597517
Mandurah,35310314,1.254532183,R8 400m Gr5,8,,2284438,Regency Boy,5,4.86,0.49913455490372144
Mandurah,35310314,1.254532183,R8 400m Gr5,8,,4785458,Trust Me,6,5.5,0.5551063869072007
Mandurah,35310314,1.254532183,R8 400m Gr5,8,,84148360,Kaadadjan,7,18.3,0.39403702502940685
Mandurah,35310314,1.254532183,R8 400m Gr5,8,,81608918,Sunset Buckles,8,8.97,0.5547404981980962
Mandurah,35310314,1.254532188,R9 400m Nvce,9,,95541862,Agassi,1,4.71,0.632836584055348
Mandurah,35310314,1.254532188,R9 400m Nvce,9,,83942227,Lolly Monelli,2,7.02,0.6967397763302189
Mandurah,35310314,1.254532188,R9 400m Nvce,9,,91874713,Did It Happen,3,13.02,0.4968600642875348
Mandurah,35310314,1.254532188,R9 400m Nvce,9,,95264359,Elite Arnott,4,5.36,0.744447352458518
Mandurah,35310314,1.254532188,R9 400m Nvce,9,,95541863,Almighty Bruce,5,23.67,0.38969942365268473
Mandurah,35310314,1.254532188,R9 400m Nvce,9,,82415479,Lara Magic,6,6.74,0.6014125451173797
Mandurah,35310314,1.254532188,R9 400m Nvce,9,,84733551,Rio Izzy,7,8.4,0.6548164355049699
Mandurah,35310314,1.254532188,R9 400m Nvce,9,,95541864,Burning Kuna,8,13.83,0.34540208932133887
Murray Bridge,35310313,1.254532139,R10 395m N/G,10,,49619248,Prime Of Life,1,3.48,0.4185898267739418
Murray Bridge,35310313,1.254532139,R10 395m N/G,10,,81033543,One Margarita,2,3.44,0.6508474718718459
Murray Bridge,35310313,1.254532139,R10 395m N/G,10,,69352850,Larrakyah London,4,4.69,0.44106406802693854
Murray Bridge,35310313,1.254532139,R10 395m N/G,10,,62948388,Victa Vern,5,54.4,0.2840678802501464
Murray Bridge,35310313,1.254532139,R10 395m N/G,10,,75394213,Sandycove,7,13.6,0.5245590024664675
Murray Bridge,35310313,1.254532139,R10 395m N/G,10,,64494393,Gold Loki,8,8.55,0.7081492160759804
Murray Bridge,35310313,1.254532142,R11 395m Gr5,11,,61752975,Wirrulla Melvy,1,5.56,0.6268350786108872
Murray Bridge,35310313,1.254532142,R11 395m Gr5,11,,69067286,Grand Perfection,2,11.59,0.6150455047425749
Murray Bridge,35310313,1.254532142,R11 395m Gr5,11,,69608300,Bitter Fury,4,32.2,0.43599836391551905
Murray Bridge,35310313,1.254532142,R11 395m Gr5,11,,79491812,Princess Tilley,5,3.66,0.5887741097182547
Murray Bridge,35310313,1.254532142,R11 395m Gr5,11,,80886471,Zipping Rove,7,3.54,0.4584365969345533
Murray Bridge,35310313,1.254532142,R11 395m Gr5,11,,67897831,Gold Benz,8,6.77,0.7073682813324629
Murray Bridge,35310313,1.254532145,R12 395m Gr5,12,,62761531,Spring Marrishia,1,129.85,0.4549365590182726
Murray Bridge,35310313,1.254532145,R12 395m Gr5,12,,86020580,Carry On Izzy,2,3.35,0.5683705877411601
Murray Bridge,35310313,1.254532145,R12 395m Gr5,12,,5179430,Jetson,4,2.56,0.5099462266383205
Murray Bridge,35310313,1.254532145,R12 395m Gr5,12,,77729647,Both Sides,6,4.3,0.5440744508520986
Murray Bridge,35310313,1.254532145,R12 395m Gr5,12,,61933203,Care Factor,8,14.16,0.5942109518039624
Murray Bridge,35310313,1.254532136,R9 680m Gr6,9,,78083465,Novas Fern,1,7.22,0.5874685898317973
Murray Bridge,35310313,1.254532136,R9 680m Gr6,9,,77303047,Compton Rocky,3,2.63,0.3659006407150197
Murray Bridge,35310313,1.254532136,R9 680m Gr6,9,,81307637,Caribbean Crown,5,3.18,0.2618505355689891
Murray Bridge,35310313,1.254532136,R9 680m Gr6,9,,86655376,Urana Uno,7,6.0,0.4708179137643229
Q1 Lakeside,35310209,1.254530930,R1 390m Mdn,1,,95023503,Kicker Zoom,1,3.03,0.6183791021267651
Q1 Lakeside,35310209,1.254530930,R1 390m Mdn,1,,73154573,Remember Pal,2,29.21,0.36642955832981505
Q1 Lakeside,35310209,1.254530930,R1 390m Mdn,1,,83570106,Brodie And Me,3,216.83,0.13229442689762763
Q1 Lakeside,35310209,1.254530930,R1 390m Mdn,1,,95541223,Oliver Half,6,4.39,0.5972655267702728
Q1 Lakeside,35310209,1.254530930,R1 390m Mdn,1,,95541224,Dixie Dean,7,5.95,0.31049876030189505
Q1 Lakeside,35310209,1.254530930,R1 390m Mdn,1,,95541225,Boston Blue,8,4.25,0.2623800511721285
Q1 Lakeside,35310209,1.254530957,R10 390m Heat,10,,91160841,Move It Georgia,2,6.07,0.3494135645747915
Q1 Lakeside,35310209,1.254530957,R10 390m Heat,10,,87249804,Cash Promised,3,13.88,0.5368518584171049
Q1 Lakeside,35310209,1.254530957,R10 390m Heat,10,,85312521,Aston Surpass,4,19.8,0.26193285412327305
Q1 Lakeside,35310209,1.254530957,R10 390m Heat,10,,93022886,Blue Lakoda,5,2.93,0.5524101632886265
Q1 Lakeside,35310209,1.254530957,R10 390m Heat,10,,95541235,Bella Luna,6,55.72,0.5582319891812981
Q1 Lakeside,35310209,1.254530957,R10 390m Heat,10,,73755794,Goldstar Annie,7,13.13,0.42543859135955897
Q1 Lakeside,35310209,1.254530957,R10 390m Heat,10,,89393606,Redeemers Way,8,3.61,0.6230865899852894
Q1 Lakeside,35310209,1.254530960,R11 390m Gr5,11,,56357862,Maywyns Luck,1,5.85,0.35651609713371873
Q1 Lakeside,35310209,1.254530960,R11 390m Gr5,11,,68674872,Muscovite Mica,2,3.88,0.5350586235365385
Q1 Lakeside,35310209,1.254530960,R11 390m Gr5,11,,62356267,Dancing Stars,3,10.47,0.417594108527389
Q1 Lakeside,35310209,1.254530960,R11 390m Gr5,11,,57593747,Tiny Rocket,4,25.22,0.4536919290096748
Q1 Lakeside,35310209,1.254530960,R11 390m Gr5,11,,69129037,Flying Tatum,5,18.35,0.41620050669387965
Q1 Lakeside,35310209,1.254530960,R11 390m Gr5,11,,57916776,Goldstar Mckenna,6,14.78,0.39814994902837064
Q1 Lakeside,35310209,1.254530960,R11 390m Gr5,11,,62761439,Unknown Limits,7,7.42,0.5279575261197782
Q1 Lakeside,35310209,1.254530960,R11 390m Gr5,11,,65860327,Tank Engine,8,5.58,0.47435665244585035
Q1 Lakeside,35310209,1.254530963,R12 390m Gr5,12,,72444960,Hes Something,2,3.45,0.5978746025031353
Q1 Lakeside,35310209,1.254530963,R12 390m Gr5,12,,50815377,Little Bullet,3,31.31,0.48187172605617246
Q1 Lakeside,35310209,1.254530963,R12 390m Gr5,12,,67154883,Cash On Demand,6,2.19,0.8177595616119866
Q1 Lakeside,35310209,1.254530963,R12 390m Gr5,12,,57957073,Weblec Jewel,7,6.72,0.633536758772743
Q1 Lakeside,35310209,1.254530963,R12 390m Gr5,12,,73444926,North Star,8,13.95,0.5481953325949775
Q1 Lakeside,35310209,1.254530933,R2 390m Final,2,,93022866,Travelling Dean,1,15.21,0.29228002814588616
Q1 Lakeside,35310209,1.254530933,R2 390m Final,2,,94137353,Hopes Jacky,2,4.83,0.3787797470601763
Q1 Lakeside,35310209,1.254530933,R2 390m Final,2,,95264215,Mighty Shazam,3,8.15,0.34447059495021204
Q1 Lakeside,35310209,1.254530933,R2 390m Final,2,,93919033,Power Of Shazam,4,10.26,0.4470866235119312
Q1 Lakeside,35310209,1.254530933,R2 390m Final,2,,92997239,Tuckeroo Road,8,2.8,0.6167301880102443
Q1 Lakeside,35310209,1.254530933,R2 390m Final,2,,95541228,Haras Debbie,9,12.6,0.3911020266348798
Q1 Lakeside,35310209,1.254530933,R2 390m Final,2,,94736574,Front Man,10,14.26,0.5144957872836856
Q1 Lakeside,35310209,1.254530936,R3 390m Heat,3,,85320997,Pretty Posh,1,3.67,0.5004165912864736
Q1 Lakeside,35310209,1.254530936,R3 390m Heat,3,,87124536,Federal Joker,2,12.64,0.5994388672206981
Q1 Lakeside,35310209,1.254530936,R3 390m Heat,3,,88330544,Wise Rico,3,20.56,0.4240980612524027
Q1 Lakeside,35310209,1.254530936,R3 390m Heat,3,,81185295,Game On Greg,4,9.06,0.5372686317245986
Q1 Lakeside,35310209,1.254530936,R3 390m Heat,3,,81479301,Lakoda Focus,5,6.94,0.7494205037949815
Q1 Lakeside,35310209,1.254530936,R3 390m Heat,3,,88652084,Haras Thor,7,3.84,0.4537801778163062
Q1 Lakeside,35310209,1.254530936,R3 390m Heat,3,,95620174,Sandave Staples,8,11.79,0.48026530671628287
Q1 Lakeside,35310209,1.254530939,R4 390m Heat,4,,95541229,Maywyns Chief,1,9.86,0.5610624290461695
Q1 Lakeside,35310209,1.254530939,R4 390m Heat,4,,91062696,Seaway Cruiser,2,5.87,0.5992354541239502
Q1 Lakeside,35310209,1.254530939,R4 390m Heat,4,,85472707,Strong Boy,3,62.83,0.3693817136852107
Q1 Lakeside,35310209,1.254530939,R4 390m Heat,4,,84944297,Foxy Fawn,4,15.34,0.2849012698761554
Q1 Lakeside,35310209,1.254530939,R4 390m Heat,4,,95541230,Kicker Wildcard,5,5.57,0.6153911003906062
Q1 Lakeside,35310209,1.254530939,R4 390m Heat,4,,86696405,Ellies Lad,6,9.43,0.6460406285815933
Q1 Lakeside,35310209,1.254530939,R4 390m Heat,4,,77303288,Volatile,7,3.47,0.5127972579834025
Q1 Lakeside,35310209,1.254530939,R4 390m Heat,4,,82822249,Spring Flick,8,13.6,0.4871135513831053
Q1 Lakeside,35310209,1.254530942,R5 390m Heat,5,,84433104,Hes On Show,1,17.86,0.34987593930931216
Q1 Lakeside,35310209,1.254530942,R5 390m Heat,5,,91873515,Daytona Beach,2,2.68,0.6321186941025733
Q1 Lakeside,35310209,1.254530942,R5 390m Heat,5,,91748736,Weather Man Rick,3,13.02,0.44017128873295763
Q1 Lakeside,35310209,1.254530942,R5 390m Heat,5,,80639668,Goldstar George,4,27.98,0.19103156923985506
Q1 Lakeside,35310209,1.254530942,R5 390m Heat,5,,69932628,Federal Blonde,5,23.36,0.2997972260300199
Q1 Lakeside,35310209,1.254530942,R5 390m Heat,5,,78232077,Canya Kelsey,6,15.07,0.7290241722777335
Q1 Lakeside,35310209,1.254530942,R5 390m Heat,5,,89709540,Grab A Donut,7,4.81,0.8307980436586693
Q1 Lakeside,35310209,1.254530942,R5 390m Heat,5,,95541231,Spring Graf,8,7.12,0.6610321863220423
Q1 Lakeside,35310209,1.254530945,R6 390m Heat,6,,86587078,Whats The Price,1,12.13,0.5677331599859144
Q1 Lakeside,35310209,1.254530945,R6 390m Heat,6,,94616017,Got This Girls,2,3.24,0.48591162606952776
Q1 Lakeside,35310209,1.254530945,R6 390m Heat,6,,95541232,Spring Rory,4,9.12,0.5400541510570247
Q1 Lakeside,35310209,1.254530945,R6 390m Heat,6,,95541233,Federal Galaxy,5,7.73,0.7412406004927601
Q1 Lakeside,35310209,1.254530945,R6 390m Heat,6,,84374860,Jack Is Back,6,83.14,0.4504754225454508
Q1 Lakeside,35310209,1.254530945,R6 390m Heat,6,,77466142,Spring Mark,7,63.64,0.20187227050530399
Q1 Lakeside,35310209,1.254530945,R6 390m Heat,6,,94780343,Special Rocky,8,2.92,0.6666441513170369
Q1 Lakeside,35310209,1.254530948,R7 390m Heat,7,,79491125,Out Of Austria,1,7.62,0.2933816058119546
Q1 Lakeside,35310209,1.254530948,R7 390m Heat,7,,59323661,Future Ethics,2,66.68,0.3884804989836686
Q1 Lakeside,35310209,1.254530948,R7 390m Heat,7,,95541234,Fire Up Shazam,3,5.52,0.5740856961938656
Q1 Lakeside,35310209,1.254530948,R7 390m Heat,7,,76961116,Goldstar Rodney,4,15.04,0.40131708985015035
Q1 Lakeside,35310209,1.254530948,R7 390m Heat,7,,90181470,Mr Unflappable,5,4.56,0.6165702018286325
Q1 Lakeside,35310209,1.254530948,R7 390m Heat,7,,85745567,Proceeding,6,4.26,0.47410415149193125
Q1 Lakeside,35310209,1.254530948,R7 390m Heat,7,,90716741,Spring Misty,7,6.58,0.4262758395131703
Q1 Lakeside,35310209,1.254530951,R8 390m Gr3/4,8,,57527648,Oaks Best,1,10.06,0.5397035011400844
Q1 Lakeside,35310209,1.254530951,R8 390m Gr3/4,8,,66204408,Ninetymile Wow,3,8.25,0.6208608832306873
Q1 Lakeside,35310209,1.254530951,R8 390m Gr3/4,8,,58918991,Goldstar Mila,4,17.25,0.5041572446631193
Q1 Lakeside,35310209,1.254530951,R8 390m Gr3/4,8,,77302643,Goldstar Summer,5,7.96,0.5326095897263617
Q1 Lakeside,35310209,1.254530951,R8 390m Gr3/4,8,,78945847,Ringbark Sport,6,11.23,0.4060068757092454
Q1 Lakeside,35310209,1.254530951,R8 390m Gr3/4,8,,88465521,Spring Grim,7,3.08,0.7200445154064514
Q1 Lakeside,35310209,1.254530951,R8 390m Gr3/4,8,,71181042,Fast Eddie,8,5.51,0.5010481969186523
Q1 Lakeside,35310209,1.254530954,R9 390m Heat,9,,86856487,Mulligrub,1,7.32,0.43839914580768113
Q1 Lakeside,35310209,1.254530954,R9 390m Heat,9,,51918712,Goldstar Parker,2,36.53,0.4400450630705073
Q1 Lakeside,35310209,1.254530954,R9 390m Heat,9,,93789686,Monty Zoomer,3,9.28,0.48251574696242155
Q1 Lakeside,35310209,1.254530954,R9 390m Heat,9,,88030752,He Is Demetrious,4,36.27,0.2690877437537817
Q1 Lakeside,35310209,1.254530954,R9 390m Heat,9,,92538008,Tippy Toe,5,12.62,0.3891735085162301
Q1 Lakeside,35310209,1.254530954,R9 390m Heat,9,,77340095,Ricolina Pearl,6,19.82,0.38916303312503603
Q1 Lakeside,35310209,1.254530954,R9 390m Heat,9,,83081069,All Dressed Up,7,2.09,0.786065740236539
Q1 Lakeside,35310209,1.254530954,R9 390m Heat,9,,66366463,Cash Handy,8,10.83,0.4831703630509592
Richmond,35309833,1.254529765,R1 320m Mdn,1,,95579459,Papa Guiseppe,1,4.53,0.40377621897510263
Richmond,35309833,1.254529765,R1 320m Mdn,1,,85017328,Tap Out Stella,2,12.13,0.4397943573859624
Richmond,35309833,1.254529765,R1 320m Mdn,1,,7096258,Thats My Girl,4,20.23,0.32928127924699335
Richmond,35309833,1.254529765,R1 320m Mdn,1,,87094241,Jackie Sepol,5,30.37,0.16902043285344015
Richmond,35309833,1.254529765,R1 320m Mdn,1,,95228361,Corless A Rebel,6,5.04,0.3632639963911586
Richmond,35309833,1.254529765,R1 320m Mdn,1,,95579461,Hope For Molly,7,4.97,0.6018773850883974
Richmond,35309833,1.254529765,R1 320m Mdn,1,,95579462,Mister Anatoly,8,4.66,0.5150024464309461
Richmond,35309833,1.254529810,R10 320m Gr5,10,,82822250,Nugget Ned,1,5.92,0.47468990612494355
Richmond,35309833,1.254529810,R10 320m Gr5,10,,94409895,Watch Her Win,2,8.22,0.7775356587341751
Richmond,35309833,1.254529810,R10 320m Gr5,10,,88465000,Rainy Dream,3,6.63,0.6815999578464992
Richmond,35309833,1.254529810,R10 320m Gr5,10,,81602442,Harritas Rebel,6,23.67,0.3690522240633543
Richmond,35309833,1.254529810,R10 320m Gr5,10,,82603398,My Friend Bec,7,2.1,0.8413882817279226
Richmond,35309833,1.254529810,R10 320m Gr5,10,,78433744,Teresas Angel,8,25.51,0.547269738131042
Richmond,35309833,1.254529815,R11 320m Gr5,11,,92390372,Fabio Phoenix,1,3.2,0.23445963892988264
Richmond,35309833,1.254529815,R11 320m Gr5,11,,72642482,Nikita To Excel,2,3.54,0.19973585889689807
Richmond,35309833,1.254529815,R11 320m Gr5,11,,51737550,Fantannas Dream,3,45.78,0.34675242020169605
Richmond,35309833,1.254529815,R11 320m Gr5,11,,79804519,Cry In Shame,4,27.84,0.4385590021278404
Richmond,35309833,1.254529815,R11 320m Gr5,11,,85181260,Duran Sting,6,6.43,0.5331897337668899
Richmond,35309833,1.254529815,R11 320m Gr5,11,,71263786,Fantastic Maxine,7,263.59,0.24689399832558234
Richmond,35309833,1.254529815,R11 320m Gr5,11,,85712989,Ellas Glory,8,5.32,0.3984565162471691
Richmond,35309833,1.254529770,R2 320m Gr5,2,,51717620,Slingshot Layla,1,90.08,0.3632919737270095
Richmond,35309833,1.254529770,R2 320m Gr5,2,,3239673,Big Shot,2,7.57,0.3077289510604838
Richmond,35309833,1.254529770,R2 320m Gr5,2,,95579463,Dance The Night,3,8.47,0.3227804849357202
Richmond,35309833,1.254529770,R2 320m Gr5,2,,65388411,Cait Rods Fly,4,8.09,0.3805107708122481
Richmond,35309833,1.254529770,R2 320m Gr5,2,,88693738,Whiskey Dawn,6,1.97,0.280015752484176
Richmond,35309833,1.254529770,R2 320m Gr5,2,,82603414,Aston Mendes,7,16.82,0.2667929022140299
Richmond,35309833,1.254529770,R2 320m Gr5,2,,83569429,Canya Flaming,8,20.76,0.2907552480251243
Richmond,35309833,1.254529775,R3 401m Gr5,3,,54368697,Dandy Redeemer,1,8.47,0.5436214288415699
Richmond,35309833,1.254529775,R3 401m Gr5,3,,85543391,Go Forward Spot,2,5.26,0.3105187126136786
Richmond,35309833,1.254529775,R3 401m Gr5,3,,85181393,Live And Free,3,20.15,0.4967131471948542
Richmond,35309833,1.254529775,R3 401m Gr5,3,,84911727,Fire Pit,4,11.08,0.2855368929657884
Richmond,35309833,1.254529775,R3 401m Gr5,3,,90252653,Flying Sepol,5,59.26,0.30076148218641774
Richmond,35309833,1.254529775,R3 401m Gr5,3,,83569243,Missile Boy,6,5.18,0.5130885706784223
Richmond,35309833,1.254529775,R3 401m Gr5,3,,84697355,Zipping Ruffian,7,8.62,0.5978399522934488
Richmond,35309833,1.254529775,R3 401m Gr5,3,,85587568,Jamal Wick,8,4.42,0.41202583207918786
Richmond,35309833,1.254529780,R4 520m Final,4,,94061141,Ronaldo Vella,1,2.67,0.728313482883582
Richmond,35309833,1.254529780,R4 520m Final,4,,94616160,Zipping Lumiere,2,6.14,0.5497628802693721
Richmond,35309833,1.254529780,R4 520m Final,4,,86307209,Bandit Bay,4,12.89,0.38306524418476334
Richmond,35309833,1.254529780,R4 520m Final,4,,93239600,Sin City Bandit,5,16.59,0.5542543618983808
Richmond,35309833,1.254529780,R4 520m Final,4,,87989004,Club Dozer,6,51.51,0.5706361262951358
Richmond,35309833,1.254529780,R4 520m Final,4,,93757505,Harmony Keeping,7,7.33,0.6203153402585382
Richmond,35309833,1.254529780,R4 520m Final,4,,93321071,Zipping Downey,8,17.32,0.35553625239728903
Richmond,35309833,1.254529780,R4 520m Final,4,,95579464,Zipping Buffalo,9,8.94,0.509971849863372
Richmond,35309833,1.254529785,R5 622m Final,5,,84659863,Tank Keeping,1,4.45,0.5143516223979125
Richmond,35309833,1.254529785,R5 622m Final,5,,88694381,Simplicity Magic,2,20.05,0.2517934508409854
Richmond,35309833,1.254529785,R5 622m Final,5,,79523268,Zig Zag Man,3,11.75,0.44612473217031745
Richmond,35309833,1.254529785,R5 622m Final,5,,86307220,Shes Fearless,4,4.53,0.5359478530990662
Richmond,35309833,1.254529785,R5 622m Final,5,,68020073,Spin Around Blue,5,84.35,0.685419221879792
Richmond,35309833,1.254529785,R5 622m Final,5,,87124748,Zipping Mooney,6,17.95,0.32593175015837883
Richmond,35309833,1.254529785,R5 622m Final,5,,90212559,Gramercy Garry,7,7.74,0.6585528071542053
Richmond,35309833,1.254529785,R5 622m Final,5,,95579468,Zipping Xaden,8,4.49,0.3378046224451665
Richmond,35309833,1.254529790,R6 520m Grp2,6,,86655962,Cumbria Chrissy,1,4.64,0.602207827781315
Richmond,35309833,1.254529790,R6 520m Grp2,6,,80934530,Tenacious Talker,2,7.25,0.7384663860359248
Richmond,35309833,1.254529790,R6 520m Grp2,6,,70422147,Screaming Violet,3,18.97,0.6537361559961831
Richmond,35309833,1.254529790,R6 520m Grp2,6,,59917930,First Lady,4,25.29,0.7529281713952753
Richmond,35309833,1.254529790,R6 520m Grp2,6,,77688954,Billy Rays Girl,5,43.92,0.46452483639673403
Richmond,35309833,1.254529790,R6 520m Grp2,6,,83942252,Eriza Sparkles,6,3.0,0.7988913399589634
Richmond,35309833,1.254529790,R6 520m Grp2,6,,92117991,Secret Bandit,7,7.25,0.5238230597558916
Richmond,35309833,1.254529790,R6 520m Grp2,6,,86655266,Joanne,8,16.6,0.6141325117912417
Richmond,35309833,1.254529795,R7 401m Gr4/5,7,,85251161,Tap Out Rusty,1,21.02,0.3841044180591886
Richmond,35309833,1.254529795,R7 401m Gr4/5,7,,90716529,Rosacky Rayo,2,8.21,0.3381814548925725
Richmond,35309833,1.254529795,R7 401m Gr4/5,7,,68282057,Big Town Tilly,3,18.22,0.5685212469944945
Richmond,35309833,1.254529795,R7 401m Gr4/5,7,,83119261,Rogue Agent,4,15.37,0.6057212181122169
Richmond,35309833,1.254529795,R7 401m Gr4/5,7,,95579471,Release Point,5,2.23,0.7613588543081236
Richmond,35309833,1.254529795,R7 401m Gr4/5,7,,88693737,Tommys Dawn,6,6.52,0.4462731493469409
Richmond,35309833,1.254529795,R7 401m Gr4/5,7,,64343724,Cheeky Cheeky,7,22.38,0.3315128901982818
Richmond,35309833,1.254529795,R7 401m Gr4/5,7,,3955267,Hendrix,8,15.57,0.5319773820948266
Richmond,35309833,1.254529800,R8 520m Grp2,8,,65732591,Foreign Capital,1,13.98,0.6763809985983877
Richmond,35309833,1.254529800,R8 520m Grp2,8,,75019120,Jungle Johnny,2,5.05,0.520616759200511
Richmond,35309833,1.254529800,R8 520m Grp2,8,,92703436,Late In Winter,3,12.69,0.7425476753157606
Richmond,35309833,1.254529800,R8 520m Grp2,8,,79597794,Cumbria Jack,4,4.27,0.5610809055632742
Richmond,35309833,1.254529800,R8 520m Grp2,8,,74814466,West Rock Casey,5,25.53,0.5137397265108561
Richmond,35309833,1.254529800,R8 520m Grp2,8,,87678056,Hes A Pearl,6,9.06,0.7749841569989269
Richmond,35309833,1.254529800,R8 520m Grp2,8,,87809344,See This,7,27.81,0.5732451067222064
Richmond,35309833,1.254529800,R8 520m Grp2,8,,89669968,Winsome Jet,8,4.3,0.5679069893913469
Richmond,35309833,1.254529805,R9 320m Gr4/5,9,,76098725,Kava Queen,1,16.3,0.6346506448635019
Richmond,35309833,1.254529805,R9 320m Gr4/5,9,,88376727,Winsome Wanda,2,2.3,0.6065100148841249
Richmond,35309833,1.254529805,R9 320m Gr4/5,9,,70855993,Rie Bale,3,25.58,0.5613206275124629
Richmond,35309833,1.254529805,R9 320m Gr4/5,9,,77614260,Kawasaki Girl,4,12.61,0.6770116855167659
Richmond,35309833,1.254529805,R9 320m Gr4/5,9,,64927863,Im Bored,6,9.07,0.8237570698985902
Richmond,35309833,1.254529805,R9 320m Gr4/5,9,,84401337,Midnight Fury,7,4.28,0.7610152605971992
Richmond,35309833,1.254529805,R9 320m Gr4/5,9,,67441495,Shy Sheena,8,24.24,0.6884831750708766
The Gardens,35309847,1.254530216,R1 515m Mdn,1,,94226831,Zipping Seton,1,4.15,0.3914283757339099
The Gardens,35309847,1.254530216,R1 515m Mdn,1,,95541195,Witchy Woman,2,5.8,0.5839810079395662
The Gardens,35309847,1.254530216,R1 515m Mdn,1,,95541196,Cartoon Hero,4,5.13,Unknown
The Gardens,35309847,1.254530216,R1 515m Mdn,1,,95541197,Zero Signature,5,5.3,Unknown
The Gardens,35309847,1.254530216,R1 515m Mdn,1,,94922642,Blazing Biscuit,8,4.93,0.3963676349794416
The Gardens,35309847,1.254530243,R10 400m Gr5,10,,71181001,Super Quality,1,18.17,0.39659617813989206
The Gardens,35309847,1.254530243,R10 400m Gr5,10,,84697265,Gunnell Girl,3,8.17,0.6253678270230327
The Gardens,35309847,1.254530243,R10 400m Gr5,10,,75084693,Katies Quick,4,7.38,0.62300099098318
The Gardens,35309847,1.254530243,R10 400m Gr5,10,,85213782,Margs Vogue,6,2.1,0.7678640696914902
The Gardens,35309847,1.254530243,R10 400m Gr5,10,,75085196,Fascinate George,7,5.72,0.7557616094128898
The Gardens,35309847,1.254530243,R10 400m Gr5,10,,59323549,Rookie Red,8,27.79,0.3743817252671008
The Gardens,35309847,1.254530246,R11 400m Gr5,11,,86893538,My Bread Roll,1,2.16,0.7570349431469723
The Gardens,35309847,1.254530246,R11 400m Gr5,11,,85213772,Its A Tease,2,10.59,0.5303128408646128
The Gardens,35309847,1.254530246,R11 400m Gr5,11,,86347075,Lauries Ferrari,3,6.39,0.7650971398098283
The Gardens,35309847,1.254530246,R11 400m Gr5,11,,78755554,Wades Edge,4,25.56,0.6620967912413066
The Gardens,35309847,1.254530246,R11 400m Gr5,11,,88421038,Lochinvar Grace,7,4.77,0.6267087381279326
The Gardens,35309847,1.254530246,R11 400m Gr5,11,,86587030,Lisas Vogue,8,26.44,0.8959478774889078
The Gardens,35309847,1.254530249,R12 400m Gr5,12,,74814477,Subsonic,1,3.1,0.6032019184430584
The Gardens,35309847,1.254530249,R12 400m Gr5,12,,82857583,Master Murraya,3,15.87,0.6587172250836324
The Gardens,35309847,1.254530249,R12 400m Gr5,12,,91433419,Hooked On Joy,4,4.62,0.5928198579176565
The Gardens,35309847,1.254530249,R12 400m Gr5,12,,73221840,Martins Shine,6,12.1,0.6204410906408053
The Gardens,35309847,1.254530249,R12 400m Gr5,12,,89348678,Billy Blinders,7,9.69,0.48850497555102723
The Gardens,35309847,1.254530249,R12 400m Gr5,12,,95541210,Fools Rush In,8,4.7,0.5640255840092425
The Gardens,35309847,1.254530219,R2 400m Mdn,2,,95541199,Boom Smacking,1,3.17,0.45465202087015677
The Gardens,35309847,1.254530219,R2 400m Mdn,2,,95541200,Kalani Chris,2,4.79,0.19690443967775328
The Gardens,35309847,1.254530219,R2 400m Mdn,2,,93022748,Cyclone Beast,3,5.5,0.39856340274180985
The Gardens,35309847,1.254530219,R2 400m Mdn,2,,78944897,More Cuddles,4,16.2,0.44546125764935746
The Gardens,35309847,1.254530219,R2 400m Mdn,2,,94410132,Zipping Emily,7,6.22,0.1820383910923003
The Gardens,35309847,1.254530219,R2 400m Mdn,2,,95541202,Pocket Show,8,14.01,0.1945897729772411
The Gardens,35309847,1.254530222,R3 272m Gr3/4,3,,77081608,Kenzies Comet,1,2.39,0.7963167141627894
The Gardens,35309847,1.254530222,R3 272m Gr3/4,3,,51229876,Fireball Night,2,3.19,0.7873937589597857
The Gardens,35309847,1.254530222,R3 272m Gr3/4,3,,56290932,Maserati Avenue,4,10.16,0.47235960593463544
The Gardens,35309847,1.254530222,R3 272m Gr3/4,3,,76008087,Raging Saige,5,9.77,0.5323813860240817
The Gardens,35309847,1.254530222,R3 272m Gr3/4,3,,51312687,Golden Gort,7,45.93,0.630448214284542
The Gardens,35309847,1.254530222,R3 272m Gr3/4,3,,73678214,Raining Bourbon,8,21.98,0.7749323344123497
The Gardens,35309847,1.254530225,R4 272m Gr5,4,,95541203,Big Cutie,1,4.32,0.7162373945382465
The Gardens,35309847,1.254530225,R4 272m Gr5,4,,75165508,Raining Wine,2,32.74,0.43432271899723696
The Gardens,35309847,1.254530225,R4 272m Gr5,4,,88290387,Karli Mulwee,3,3.81,0.7925979845598267
The Gardens,35309847,1.254530225,R4 272m Gr5,4,,92996199,Hey Mac,4,6.21,0.7123650495007414
The Gardens,35309847,1.254530225,R4 272m Gr5,4,,72642288,Wow Party Time,5,12.46,0.7043323006359439
The Gardens,35309847,1.254530225,R4 272m Gr5,4,,74339249,Miss Lori,6,39.68,0.8611780606481896
The Gardens,35309847,1.254530225,R4 272m Gr5,4,,83050803,We Will See,7,47.69,0.5261042710587294
The Gardens,35309847,1.254530225,R4 272m Gr5,4,,82820804,Im Alright,8,5.32,Unknown
The Gardens,35309847,1.254530228,R5 400m N/G,5,,2398205,Chloes Comet,1,20.65,0.7654214474198533
The Gardens,35309847,1.254530228,R5 400m N/G,5,,77021361,Jasper Darke,2,2.4,0.6197086332045936
The Gardens,35309847,1.254530228,R5 400m N/G,5,,80064332,Lauries Rupee,4,7.73,0.8381529134993067
The Gardens,35309847,1.254530228,R5 400m N/G,5,,86058421,My Machine,5,3.46,0.6488341161077654
The Gardens,35309847,1.254530228,R5 400m N/G,5,,62761538,Aussies Thunder,8,8.6,0.841761543434713
The Gardens,35309847,1.254530231,R6 400m Gr5,6,,94985608,Midnight Mohawk,1,4.47,0.6882785384125683
The Gardens,35309847,1.254530231,R6 400m Gr5,6,,92966218,Goldilocks Gort,2,18.77,0.31680518707938965
The Gardens,35309847,1.254530231,R6 400m Gr5,6,,88070292,Carl Bruce,3,4.29,0.5527230111606315
The Gardens,35309847,1.254530231,R6 400m Gr5,6,,92744030,Wild Extreme,4,5.95,0.46524062512772957
The Gardens,35309847,1.254530231,R6 400m Gr5,6,,87677592,Amaroo Jet,5,15.67,0.41822726532350335
The Gardens,35309847,1.254530231,R6 400m Gr5,6,,95541204,Reborn Scarlett,6,6.23,0.5966095137774496
The Gardens,35309847,1.254530231,R6 400m Gr5,6,,91158155,Nates Lad,7,16.8,0.5368569300697745
The Gardens,35309847,1.254530231,R6 400m Gr5,6,,85713479,Cobblestone Road,8,26.0,0.3424667326525051
The Gardens,35309847,1.254530234,R7 400m Gr5,7,,88330823,Kennys Girl,1,5.38,0.8274459606401183
The Gardens,35309847,1.254530234,R7 400m Gr5,7,,93497187,Whisky Bent,2,2.54,0.418799919098444
The Gardens,35309847,1.254530234,R7 400m Gr5,7,,85814527,Nates Beast,3,9.78,0.7865068586733862
The Gardens,35309847,1.254530234,R7 400m Gr5,7,,95541205,Darley Boy,4,7.69,0.7783632656948654
The Gardens,35309847,1.254530234,R7 400m Gr5,7,,95541206,Rain About,6,9.75,0.3316575880229362
The Gardens,35309847,1.254530234,R7 400m Gr5,7,,58672448,Bella Rory,7,423.94,0.30992936877340843
The Gardens,35309847,1.254530234,R7 400m Gr5,7,,95541207,Savina,8,12.06,0.8331996386284839
The Gardens,35309847,1.254530237,R8 400m Gr5,8,,94099210,Cerulean Moon,1,30.11,0.6596586843610797
The Gardens,35309847,1.254530237,R8 400m Gr5,8,,94736136,Train Of Thought,2,4.85,0.529924774437424
The Gardens,35309847,1.254530237,R8 400m Gr5,8,,94780963,Moonlight Zipper,3,4.6,0.6488758347981003
The Gardens,35309847,1.254530237,R8 400m Gr5,8,,89670249,Even Me,4,20.52,0.4136635277687736
The Gardens,35309847,1.254530237,R8 400m Gr5,8,,95541208,Kiss And Run,6,3.99,0.5695111006581559
The Gardens,35309847,1.254530237,R8 400m Gr5,8,,92242096,Hooked On Hope,7,8.36,0.5905989887953287
The Gardens,35309847,1.254530237,R8 400m Gr5,8,,95541209,Road To Jerrys,8,8.06,0.6519021735017432
The Gardens,35309847,1.254530240,R9 515m Gr4/5,9,,84696812,Homer Mulwee,1,2.92,0.4300819724998225
The Gardens,35309847,1.254530240,R9 515m Gr4/5,9,,95345328,Pirate Riot,2,9.03,0.7294553227639112
The Gardens,35309847,1.254530240,R9 515m Gr4/5,9,,78000469,Smooth White,3,16.42,0.3170394952666344
The Gardens,35309847,1.254530240,R9 515m Gr4/5,9,,65695097,My Moon Shadow,4,19.15,0.6774079946107816
The Gardens,35309847,1.254530240,R9 515m Gr4/5,9,,75314951,Sassy Supreme,6,13.66,0.6662777869901191
The Gardens,35309847,1.254530240,R9 515m Gr4/5,9,,80092196,Weffalee Lee Lee,7,3.06,0.838928373110513
The Gardens,35309847,1.254530240,R9 515m Gr4/5,9,,84107811,Sahara Pearl,8,30.16,0.46455201734557205
Townsville,35309863,1.254530393,R10 380m Gr5,10,,91434582,Another Beauty,1,8.5,0.4151860802336811
Townsville,35309863,1.254530393,R10 380m Gr5,10,,76099167,Empty Sky,2,7.59,0.43757590296714266
Townsville,35309863,1.254530393,R10 380m Gr5,10,,85251316,He Played One,3,6.34,0.40083270721298286
Townsville,35309863,1.254530393,R10 380m Gr5,10,,82820323,Set Of Sisters,4,9.54,0.6851860272227017
Townsville,35309863,1.254530393,R10 380m Gr5,10,,64959968,Princess Toes,5,15.8,0.4285746177072626
Townsville,35309863,1.254530393,R10 380m Gr5,10,,88152108,Harms Best,6,19.75,0.4278965095682488
Townsville,35309863,1.254530393,R10 380m Gr5,10,,88694540,Lovely Madeline,7,4.82,0.4508485603635585
Townsville,35309863,1.254530393,R10 380m Gr5,10,,86058868,Reckless Ruby,8,6.0,Unknown
Townsville,35309863,1.254530396,R11 380m Gr5,11,,92460737,Roman Party,1,4.55,0.4367949027283621
Townsville,35309863,1.254530396,R11 380m Gr5,11,,24261320,Harry Boy,2,26.31,0.43385930327562716
Townsville,35309863,1.254530396,R11 380m Gr5,11,,83642305,Kaseys Way,3,3.94,0.43745061296649723
Townsville,35309863,1.254530396,R11 380m Gr5,11,,84183126,Final Storm,4,15.2,0.4257333878538964
Townsville,35309863,1.254530396,R11 380m Gr5,11,,80937178,Haras Meryl,5,9.66,0.4263591288362932
Townsville,35309863,1.254530396,R11 380m Gr5,11,,72723061,Arka Chief,6,26.63,0.606817541041448
Townsville,35309863,1.254530396,R11 380m Gr5,11,,76911951,Aston Elijah,7,16.01,0.6155755893528846
Townsville,35309863,1.254530396,R11 380m Gr5,11,,88112505,Lucky Time,8,4.56,0.49536402797954143
Townsville,35309863,1.254530399,R12 380m Gr5,12,,69712652,Surroundings,1,10.79,0.4093638739242479
Townsville,35309863,1.254530399,R12 380m Gr5,12,,59848301,Apache Malt,2,11.28,0.5851741798587153
Townsville,35309863,1.254530399,R12 380m Gr5,12,,63123932,Moustache Mick,3,6.86,0.386381533860326
Townsville,35309863,1.254530399,R12 380m Gr5,12,,2398200,George Jetson,4,8.55,0.49160823590837965
Townsville,35309863,1.254530399,R12 380m Gr5,12,,78231812,Tillys Son,5,7.46,0.39584952986516486
Townsville,35309863,1.254530399,R12 380m Gr5,12,,74538652,Hippy,6,11.13,0.4243716121337867
Townsville,35309863,1.254530399,R12 380m Gr5,12,,59355850,Stormy Rose,7,7.29,0.5992926221107658
Townsville,35309863,1.254530399,R12 380m Gr5,12,,66863072,Blue Marine,8,5.13,0.4339528719531386
Townsville,35309863,1.254530381,R6 380m Gr5,6,,4015386,Made You Look,1,3.81,0.596220293326893
Townsville,35309863,1.254530381,R6 380m Gr5,6,,95581105,Villain Of Fire,2,4.53,0.44506317149231256
Townsville,35309863,1.254530381,R6 380m Gr5,6,,89348747,Mizuki Starline,3,8.97,0.4261277095231814
Townsville,35309863,1.254530381,R6 380m Gr5,6,,74814861,Haras Holly,4,12.45,0.4280825811014866
Townsville,35309863,1.254530381,R6 380m Gr5,6,,82415434,Aston Jabber,5,5.62,0.4653214498194608
Townsville,35309863,1.254530381,R6 380m Gr5,6,,94487353,Lightning Tully,7,31.57,0.5307828401824529
Townsville,35309863,1.254530381,R6 380m Gr5,6,,65328319,Call Me Alice,8,8.63,0.4380051079815547
Townsville,35309863,1.254530384,R7 380m Gr5,7,,74080051,Mad Attitude,1,11.99,0.47118834527359754
Townsville,35309863,1.254530384,R7 380m Gr5,7,,74854346,Aussie Audi,2,5.09,0.43030932578189074
Townsville,35309863,1.254530384,R7 380m Gr5,7,,89348758,Panama Loco,3,6.93,0.4318435024072887
Townsville,35309863,1.254530384,R7 380m Gr5,7,,69162390,Oscar Tommy,4,54.13,0.38381354456423644
Townsville,35309863,1.254530384,R7 380m Gr5,7,,77614583,Scud,5,6.32,0.603104331131715
Townsville,35309863,1.254530384,R7 380m Gr5,7,,80363501,Bridge Up Baby,6,8.07,0.44746769665325614
Townsville,35309863,1.254530384,R7 380m Gr5,7,,70571428,Haras Jed,7,4.26,0.4133747706541263
Townsville,35309863,1.254530384,R7 380m Gr5,7,,76338196,Canya Stella,8,24.47,0.43438785880283015
Townsville,35309863,1.254530387,R8 380m Gr5,8,,85855554,Haras Suzuki,1,5.04,0.5051621759860471
Townsville,35309863,1.254530387,R8 380m Gr5,8,,71868566,Moneyball,2,12.64,0.6408960715301519
Townsville,35309863,1.254530387,R8 380m Gr5,8,,87249808,Lucky Fireball,3,4.41,0.49781424310319855
Townsville,35309863,1.254530387,R8 380m Gr5,8,,71588132,Dont Tell Shilo,4,6.43,0.38962263558063986
Townsville,35309863,1.254530387,R8 380m Gr5,8,,71588268,Hit After Hit,5,55.53,0.42441730589005255
Townsville,35309863,1.254530387,R8 380m Gr5,8,,78212022,Explosive Jem,6,7.07,0.5053489153381571
Townsville,35309863,1.254530387,R8 380m Gr5,8,,95581106,Hollywood Shadow,7,8.22,0.44310929102878366
Townsville,35309863,1.254530387,R8 380m Gr5,8,,87545162,Flaming Comet,8,16.79,0.33927440568349587
Townsville,35309863,1.254530390,R9 380m Gr5,9,,11339120,Smoking Ace,1,10.81,0.44326826682504156
Townsville,35309863,1.254530390,R9 380m Gr5,9,,76573773,Ouch My Franky,2,6.82,0.46347078491991633
Townsville,35309863,1.254530390,R9 380m Gr5,9,,83119684,Swing On By,3,15.19,0.42681959590657453
Townsville,35309863,1.254530390,R9 380m Gr5,9,,80093619,Dinosaur Bones,4,5.79,0.4180514336002397
Townsville,35309863,1.254530390,R9 380m Gr5,9,,64052080,Lush Ice,5,11.83,0.5376281948495637
Townsville,35309863,1.254530390,R9 380m Gr5,9,,91116865,Bindi Boodie,6,5.72,0.43530747386784546
Townsville,35309863,1.254530390,R9 380m Gr5,9,,88070272,Zipping Bubbles,7,6.94,0.7007152199411854
Townsville,35309863,1.254530390,R9 380m Gr5,9,,72168470,Anna Rumble,8,8.42,0.47889219444146724
Wagga,35309695,1.254527531,R1 400m Mdn,1,,95514949,Slick Silas,1,3.43,Unknown
Wagga,35309695,1.254527531,R1 400m Mdn,1,,95540965,Dance Her Home,2,4.33,0.43471880703324517
Wagga,35309695,1.254527531,R1 400m Mdn,1,,92242964,Tell Me Secrets,3,10.65,Unknown
Wagga,35309695,1.254527531,R1 400m Mdn,1,,95540966,Oat Latte,4,65.68,Unknown
Wagga,35309695,1.254527531,R1 400m Mdn,1,,92967078,Sakura Izmir,5,17.07,Unknown
Wagga,35309695,1.254527531,R1 400m Mdn,1,,68601029,Reefton Wrecker,6,36.85,0.24314536735258274
Wagga,35309695,1.254527531,R1 400m Mdn,1,,91748246,Tell Me Enough,7,6.58,Unknown
Wagga,35309695,1.254527531,R1 400m Mdn,1,,4065398,Still The Same,8,7.65,Unknown
Wagga,35309695,1.254527576,R10 320m Gr5,10,,76963235,Fleur Izmir,1,9.12,Unknown
Wagga,35309695,1.254527576,R10 320m Gr5,10,,95540974,Silvertree Brad,2,5.37,Unknown
Wagga,35309695,1.254527576,R10 320m Gr5,10,,90488070,Tillys Spirit,3,7.18,0.39347705392850874
Wagga,35309695,1.254527576,R10 320m Gr5,10,,73154467,Lagoon Ohiyesa,4,11.59,0.43813247913173875
Wagga,35309695,1.254527576,R10 320m Gr5,10,,76573461,Betty Bonkers,5,6.22,0.4911659332626198
Wagga,35309695,1.254527576,R10 320m Gr5,10,,83191389,Quartic Function,6,6.22,0.5271382354878102
Wagga,35309695,1.254527576,R10 320m Gr5,10,,86587413,Paw Ultron,7,16.89,0.2934711946303764
Wagga,35309695,1.254527576,R10 320m Gr5,10,,80064306,Stagger Out Mike,8,10.23,0.2740618576124209
Wagga,35309695,1.254527581,R11 320m Gr5,11,,74494113,Shacarri,1,15.77,0.3320416974500515
Wagga,35309695,1.254527581,R11 320m Gr5,11,,94951992,Canya Zig Zag,3,5.2,Unknown
Wagga,35309695,1.254527581,R11 320m Gr5,11,,91434589,Federal Freckle,4,14.24,0.4166752770805049
Wagga,35309695,1.254527581,R11 320m Gr5,11,,95540975,Cawbourne Pip,5,6.19,Unknown
Wagga,35309695,1.254527581,R11 320m Gr5,11,,94376474,Lost Gem,6,9.85,Unknown
Wagga,35309695,1.254527581,R11 320m Gr5,11,,81015977,Rockholes Viv,7,24.8,0.49889796684279253
Wagga,35309695,1.254527581,R11 320m Gr5,11,,86555330,Magic Flux,8,9.3,0.4735366302115646
Wagga,35309695,1.254527581,R11 320m Gr5,11,,95540970,Cawbourne Lady,9,3.8,Unknown
Wagga,35309695,1.254527536,R2 320m Gr5,2,,92967094,Muddy Duck,1,10.8,Unknown
Wagga,35309695,1.254527536,R2 320m Gr5,2,,2651493,Sycamore Miss,2,14.06,0.5464600832535321
Wagga,35309695,1.254527536,R2 320m Gr5,2,,85982645,Lets Go Narelle,3,21.12,Unknown
Wagga,35309695,1.254527536,R2 320m Gr5,2,,85472452,King Of Asgard,5,5.72,0.21959617918877444
Wagga,35309695,1.254527536,R2 320m Gr5,2,,92419358,Dont Think So,6,11.64,Unknown
Wagga,35309695,1.254527536,R2 320m Gr5,2,,86856373,Sycamore Cookie,7,12.53,Unknown
Wagga,35309695,1.254527536,R2 320m Gr5,2,,95540967,Sonali,8,4.03,0.841446786714404
Wagga,35309695,1.254527536,R2 320m Gr5,2,,95540968,Cawbourne Maxx,9,4.99,0.38499469565044364
Wagga,35309695,1.254527541,R3 320m Gr5,3,,2219478,Bruce The Shark,1,2.94,Unknown
Wagga,35309695,1.254527541,R3 320m Gr5,3,,95540969,Out Of Luck,2,5.4,Unknown
Wagga,35309695,1.254527541,R3 320m Gr5,3,,94135696,Pay Time,3,4.11,0.37887061215127626
Wagga,35309695,1.254527541,R3 320m Gr5,3,,83942265,House Money,4,19.51,0.45170839446371763
Wagga,35309695,1.254527541,R3 320m Gr5,3,,91748252,Tell Me Where,5,18.33,Unknown
Wagga,35309695,1.254527541,R3 320m Gr5,3,,91392030,Sage Davies,6,19.14,Unknown
Wagga,35309695,1.254527541,R3 320m Gr5,3,,67009387,Sycamore Belle,7,30.23,Unknown
Wagga,35309695,1.254527541,R3 320m Gr5,3,,81015974,Olympia Izmir,8,24.79,Unknown
Wagga,35309695,1.254527546,R4 400m Gr4/5,4,,82018855,Aston Paycheck,1,4.66,0.4384789582297779
Wagga,35309695,1.254527546,R4 400m Gr4/5,4,,65566279,Double Run,2,10.6,0.7773862099987339
Wagga,35309695,1.254527546,R4 400m Gr4/5,4,,75965310,Biancas Eyelash,4,6.32,0.5812909753259939
Wagga,35309695,1.254527546,R4 400m Gr4/5,4,,64575328,Seven Inn,5,12.55,0.4020399528426157
Wagga,35309695,1.254527546,R4 400m Gr4/5,4,,93022778,Hottie Davies,7,4.31,Unknown
Wagga,35309695,1.254527546,R4 400m Gr4/5,4,,73104148,Aunty Meeka,8,4.53,0.5874663924239398
Wagga,35309695,1.254527551,R5 525m Heat,5,,81849135,Scott Shenanigan,1,11.14,0.4114637626390908
Wagga,35309695,1.254527551,R5 525m Heat,5,,66331826,Latch On,2,3.32,0.5158271913593222
Wagga,35309695,1.254527551,R5 525m Heat,5,,89266010,Neymar Nismo,3,6.48,0.4331768110921813
Wagga,35309695,1.254527551,R5 525m Heat,5,,79563303,Bug Me Not,4,12.63,0.6064392615959243
Wagga,35309695,1.254527551,R5 525m Heat,5,,91693073,Kiwi Fred,6,11.6,0.39550519360653397
Wagga,35309695,1.254527551,R5 525m Heat,5,,80570556,Lala Effie,7,9.38,0.5125692058685309
Wagga,35309695,1.254527551,R5 525m Heat,5,,91748257,Cawbourne Noa,8,5.46,0.29400472330142546
Wagga,35309695,1.254527556,R6 525m Heat,6,,74900417,Kiwi Harry,1,5.57,0.3601242452347653
Wagga,35309695,1.254527556,R6 525m Heat,6,,80973990,Zipping Tamika,2,14.64,0.4835143243114459
Wagga,35309695,1.254527556,R6 525m Heat,6,,85181250,Phoenix Violet,3,6.46,0.5146391621448532
Wagga,35309695,1.254527556,R6 525m Heat,6,,93320892,Blue Swallow,4,9.3,0.20544610729619234
Wagga,35309695,1.254527556,R6 525m Heat,6,,86934236,Fly High Henry,6,21.21,0.5719841442710414
Wagga,35309695,1.254527556,R6 525m Heat,6,,95264071,Cawbourne Cali,7,5.45,0.8675833660529575
Wagga,35309695,1.254527556,R6 525m Heat,6,,78917340,Kiwi Jay,8,3.86,0.6424111611627539
Wagga,35309695,1.254527561,R7 525m Heat,7,,95540972,Slick Major,1,17.76,0.10019040804375956
Wagga,35309695,1.254527561,R7 525m Heat,7,,94226851,Magnificent,2,3.89,0.5778592510944847
Wagga,35309695,1.254527561,R7 525m Heat,7,,94646560,Mob Mentality,4,4.11,0.510562813387307
Wagga,35309695,1.254527561,R7 525m Heat,7,,79597789,All Champagne,5,5.14,0.4498000707954743
Wagga,35309695,1.254527561,R7 525m Heat,7,,78433737,Tikki Toes,7,11.54,0.6008009919069356
Wagga,35309695,1.254527561,R7 525m Heat,7,,80895503,Cawbourne Gigi,8,6.18,0.4242388678700728
Wagga,35309695,1.254527566,R8 320m FFA,8,,76291452,Cawbourne Sassy,1,9.83,0.6793207223054093
Wagga,35309695,1.254527566,R8 320m FFA,8,,55533928,Roses Ring,2,10.95,0.6246469685130688
Wagga,35309695,1.254527566,R8 320m FFA,8,,80604272,Tiggerlong Bingo,3,1.96,0.4451295550488083
Wagga,35309695,1.254527566,R8 320m FFA,8,,71941476,In The Klondike,4,16.11,Unknown
Wagga,35309695,1.254527566,R8 320m FFA,8,,85745534,Rowan,5,9.22,0.6348086885333009
Wagga,35309695,1.254527566,R8 320m FFA,8,,82857462,Shes Promising,7,11.04,0.6020131798463778
Wagga,35309695,1.254527566,R8 320m FFA,8,,66826727,Cawbourne Plough,8,29.04,0.6004029153639676
Wagga,35309695,1.254527571,R9 320m Gr5,9,,70003336,Elite Dara,1,13.67,0.16437205436746333
Wagga,35309695,1.254527571,R9 320m Gr5,9,,85312513,Tiggy Touch,2,5.58,0.4572203206737495
Wagga,35309695,1.254527571,R9 320m Gr5,9,,82897133,Boracay Beauty,3,11.6,Unknown
Wagga,35309695,1.254527571,R9 320m Gr5,9,,74775868,Aston Creole,4,9.29,0.8774126619630978
Wagga,35309695,1.254527571,R9 320m Gr5,9,,88969329,Hes Wanted,5,6.12,Unknown
Wagga,35309695,1.254527571,R9 320m Gr5,9,,72380160,Paw Lilibet,6,3.84,0.7490962605755784
Wagga,35309695,1.254527571,R9 320m Gr5,9,,70855924,Cooks Chance,7,24.04,Unknown
Wagga,35309695,1.254527571,R9 320m Gr5,9,,76054383,Trent Crimm,8,11.34,0.4361716415909629
Warragul,35309860,1.254530333,R1 400m Mdn,1,,95541473,Mikado Mania,2,4.56,Unknown
Warragul,35309860,1.254530333,R1 400m Mdn,1,,95541474,Centaurea,4,4.93,Unknown
Warragul,35309860,1.254530333,R1 400m Mdn,1,,92162421,Hes Freaky,7,2.59,0.34603253499028097
Warragul,35309860,1.254530333,R1 400m Mdn,1,,95541476,Reality Einstein,8,5.2,Unknown
Warragul,35309860,1.254530360,R10 400m Gr5,10,,62632898,In The Hub,1,3.12,0.450291946109049
Warragul,35309860,1.254530360,R10 400m Gr5,10,,87206119,Minter Scorch,2,7.74,0.7605269468117005
Warragul,35309860,1.254530360,R10 400m Gr5,10,,83193020,Midnight In Sale,3,8.56,0.7240306345593598
Warragul,35309860,1.254530360,R10 400m Gr5,10,,93239819,Sterling Inn,4,4.74,0.6321933725576891
Warragul,35309860,1.254530360,R10 400m Gr5,10,,66111041,Santorini Bale,5,63.24,0.3633094819684036
Warragul,35309860,1.254530360,R10 400m Gr5,10,,70742698,Collinda Law,6,9.77,0.7233518382109012
Warragul,35309860,1.254530360,R10 400m Gr5,10,,60816563,Nikita Bale,7,13.4,0.3274250095273368
Warragul,35309860,1.254530360,R10 400m Gr5,10,,53946902,Galloping Suzie,8,34.24,0.4649490483964651
Warragul,35309860,1.254530363,R11 400m Gr5,11,,77302411,Savannah Star,1,10.14,0.3093178604862687
Warragul,35309860,1.254530363,R11 400m Gr5,11,,51685709,Jayville Zoe,2,8.01,0.6658577702364614
Warragul,35309860,1.254530363,R11 400m Gr5,11,,86019217,Jumbuk Sachin,3,3.26,0.5873518118524951
Warragul,35309860,1.254530363,R11 400m Gr5,11,,55494945,Wandana Lad,4,6.27,0.3737765229989213
Warragul,35309860,1.254530363,R11 400m Gr5,11,,66758582,Take The Edge,5,8.72,0.3489734740684859
Warragul,35309860,1.254530363,R11 400m Gr5,11,,69421829,Paw Varner,6,9.93,0.5222978460045603
Warragul,35309860,1.254530363,R11 400m Gr5,11,,80170489,Paw Hull,7,10.54,0.46930283699138897
Warragul,35309860,1.254530336,R2 400m Mdn,2,,95541477,Crafty Kid,1,6.16,Unknown
Warragul,35309860,1.254530336,R2 400m Mdn,2,,95541478,Love Me Luna,2,7.27,0.6273475940498059
Warragul,35309860,1.254530336,R2 400m Mdn,2,,95541479,Lady Latte,4,7.48,Unknown
Warragul,35309860,1.254530336,R2 400m Mdn,2,,95541480,Runway Blue,5,2.72,0.6047278811331263
Warragul,35309860,1.254530336,R2 400m Mdn,2,,2956712,Milton,7,5.03,0.610984497233378
Warragul,35309860,1.254530339,R3 400m Gr6/7,3,,92966415,Prawn And Order,1,7.46,0.6345031199498434
Warragul,35309860,1.254530339,R3 400m Gr6/7,3,,95541481,Paw Varna,2,13.4,0.5555124816143096
Warragul,35309860,1.254530339,R3 400m Gr6/7,3,,95541482,Here Comes Billy,4,1.95,0.9009349872253809
Warragul,35309860,1.254530339,R3 400m Gr6/7,3,,95541483,Flowerpot Bert,5,8.74,0.7823370084603094
Warragul,35309860,1.254530339,R3 400m Gr6/7,3,,95541484,Mighty Mikado,7,7.87,0.6194618611110558
Warragul,35309860,1.254530339,R3 400m Gr6/7,3,,87768346,Paw Quintessa,8,27.05,0.4518282472876003
Warragul,35309860,1.254530342,R4 400m Gr3/4,4,,91160870,Bear The Brunt,1,1.68,0.8478914685065755
Warragul,35309860,1.254530342,R4 400m Gr3/4,4,,71342934,Play Lab,2,5.45,0.7117062661758524
Warragul,35309860,1.254530342,R4 400m Gr3/4,4,,76008136,Galloping Jessie,4,24.38,0.3542809059766957
Warragul,35309860,1.254530342,R4 400m Gr3/4,4,,90049853,Why Not Iris,6,7.94,0.7539192469261025
Warragul,35309860,1.254530342,R4 400m Gr3/4,4,,65757179,Idron Bale,8,18.89,0.4179447629956615
Warragul,35309860,1.254530345,R5 400m Gr5,5,,80300839,Shima Ballad,1,4.44,0.5281262343498807
Warragul,35309860,1.254530345,R5 400m Gr5,5,,84734082,Chalk And Cheese,2,7.74,0.3448714360843097
Warragul,35309860,1.254530345,R5 400m Gr5,5,,72643033,Zero Killer,3,8.29,0.5942443613683386
Warragul,35309860,1.254530345,R5 400m Gr5,5,,73178754,Ithacan Goddess,4,12.5,0.7234095419778722
Warragul,35309860,1.254530345,R5 400m Gr5,5,,71868540,Peaky Avenger,6,4.01,0.8751613919571517
Warragul,35309860,1.254530345,R5 400m Gr5,5,,82821829,Daintree Sniper,7,6.57,0.5229538736917703
Warragul,35309860,1.254530345,R5 400m Gr5,5,,67560617,Sorry Im Late,8,23.11,Unknown
Warragul,35309860,1.254530348,R6 460m Gr5,6,,82897259,Pink Gin,1,12.78,0.5221262080686644
Warragul,35309860,1.254530348,R6 460m Gr5,6,,95229050,Hard Row,2,3.21,0.6017138875475826
Warragul,35309860,1.254530348,R6 460m Gr5,6,,94448584,Eagle Bread,4,4.96,0.688510249521936
Warragul,35309860,1.254530348,R6 460m Gr5,6,,88419986,Always Share,5,3.08,0.5142760670103252
Warragul,35309860,1.254530348,R6 460m Gr5,6,,72062460,Galloping Red,7,27.39,0.4142363402330567
Warragul,35309860,1.254530348,R6 460m Gr5,6,,65230358,Ring Me Later,8,21.15,0.3974187502535754
Warragul,35309860,1.254530351,R7 460m Gr6/7,7,,87124306,Elswyk Ada,1,47.5,0.5298330760005021
Warragul,35309860,1.254530351,R7 460m Gr6/7,7,,95541485,Honey Stirrer,2,12.19,0.5712959071671715
Warragul,35309860,1.254530351,R7 460m Gr6/7,7,,94735937,Wax Off,3,2.69,0.6335654209041153
Warragul,35309860,1.254530351,R7 460m Gr6/7,7,,82376863,Scotch Marra,4,28.7,0.4343026849133351
Warragul,35309860,1.254530351,R7 460m Gr6/7,7,,95541486,Minters Jet,6,9.0,0.266989682806366
Warragul,35309860,1.254530351,R7 460m Gr6/7,7,,87250452,Like a Rock,7,3.01,Unknown
Warragul,35309860,1.254530351,R7 460m Gr6/7,7,,2523889,Moment,8,21.07,0.22505550016601045
Warragul,35309860,1.254530354,R8 460m Gr4/5,8,,90886567,Show Me Style,1,7.83,0.5404070278787108
Warragul,35309860,1.254530354,R8 460m Gr4/5,8,,61448724,Son Of Ghost,2,16.37,0.5492650219824151
Warragul,35309860,1.254530354,R8 460m Gr4/5,8,,76005094,Represent,4,9.05,0.6345704707722566
Warragul,35309860,1.254530354,R8 460m Gr4/5,8,,87250450,Extreme Grunt,5,2.06,0.6179045805568797
Warragul,35309860,1.254530354,R8 460m Gr4/5,8,,82155380,Fantastic Zohan,7,9.71,0.6415737749951558
Warragul,35309860,1.254530354,R8 460m Gr4/5,8,,79456169,Spicy Viking,8,8.99,0.6330888304402724
Warragul,35309860,1.254530357,R9 400m Gr6/7,9,,94448562,Paw Ezra,1,4.28,0.767621150250078
Warragul,35309860,1.254530357,R9 400m Gr6/7,9,,88781155,Paw Irulan,2,6.76,0.21449964259279672
Warragul,35309860,1.254530357,R9 400m Gr6/7,9,,90326298,Minter Blinder,3,3.66,0.6182889991404159
Warragul,35309860,1.254530357,R9 400m Gr6/7,9,,85018774,Courts Edge,4,108.55,0.29763036010274996
Warragul,35309860,1.254530357,R9 400m Gr6/7,9,,76911062,Handful Of Cash,6,17.97,0.3435402975555681
Warragul,35309860,1.254530357,R9 400m Gr6/7,9,,95541487,Memphis Mack,7,5.04,0.5835888951904231
Warragul,35309860,1.254530357,R9 400m Gr6/7,9,,92460376,Justified Jim,8,12.14,0.639467056500755
